30.3,4.54606,-1.74122,0.581667,-0.217199,0.051913,0.984438,0.00519085,0.0273045,0.163135,-0.621539,-0.495914,0.399227,0.456483,4.54604,-1.74081,0.581445,-0.000293,0.001519,0.000305,-0.622576,-0.496523,0.399412,0.45424,0.00230383,0.00586431,0.0139626
30.65,4.54621,-1.74132,0.582371,-0.219415,0.0650012,1.01295,-0.788357,-0.990253,-0.372404,-0.622108,-0.49645,0.398219,0.456005,4.54618,-1.74011,0.58157,-0.002527,0.012995,0.001006,-0.622447,-0.49646,0.399104,0.454756,-0.0522901,0.058294,0.0105418
30.8,4.54569,-1.74119,0.582486,-0.216367,0.0543829,1.02042,0.0487373,0.213406,0.687149,-0.623779,-0.495189,0.400205,0.453347,4.54588,-1.74045,0.581268,-0.000227,-0.005414,-0.005335,-0.622823,-0.496042,0.399797,0.454088,0.0342783,-0.00663225,0.0412596
31.25,4.54565,-1.74133,0.582611,-0.221537,0.0889682,1.05836,0.154252,1.37339,-0.535989,-0.62326,-0.495298,0.400804,0.453412,4.54574,-1.74053,0.581377,-0.001217,0.00182,-0.001126,-0.622881,-0.49583,0.400461,0.453655,0.0189194,-0.00523599,0.0238063
31.5,4.54637,-1.74119,0.582578,-0.221412,0.0906033,1.08029,-0.125297,-0.65277,0.185032,-0.623641,-0.496395,0.39954,0.452804,4.54581,-1.73981,0.581261,0.004823,0.001952,-0.003426,-0.621779,-0.497178,0.398689,0.45525,-0.0104022,-0.0261799,-0.0236667
43.7,4.56157,-1.73783,0.579807,-0.395267,0.342233,2.21345,0.876722,-1.09236,1.00083,-0.635475,-0.507478,0.379893,0.440816,4.55861,-1.73055,0.581759,0.071781,0.050707,0.012564,-0.640044,-0.498723,0.380054,0.444048,-0.0208741,-0.0904081,0.0642979
44.05,4.6145,-1.7383,0.573907,-0.338984,0.382462,2.33256,0.665044,-0.699332,0.907677,-0.628858,-0.529548,0.348504,0.450178,4.60066,-1.69805,0.585235,0.177091,0.112465,0.099727,-0.632808,-0.518306,0.351889,0.455069,-0.124896,-0.286583,-0.274296
44.35,4.69321,-1.74794,0.570306,-0.481574,0.31469,2.54678,0.123574,0.782778,1.52059,-0.63665,-0.536682,0.341468,0.435945,4.64503,-1.68065,0.648718,0.081588,0.016227,0.29519,-0.639993,-0.532243,0.334877,0.441571,0.0719774,-0.0164061,0.183678
44.45,4.7111,-1.76791,0.571218,-0.54222,0.316463,2.43919,-0.225076,-1.72103,0.501211,-0.634436,-0.530203,0.35191,0.438787,4.65026,-1.67964,0.675017,0.025356,0.007376,0.185166,-0.638594,-0.527105,0.343413,0.443199,0.0608073,0.0980875,0.096412
44.95,4.66707,-1.77054,0.572607,-0.693867,0.35403,2.65877,0.699887,-0.00698322,3.43509,-0.62492,-0.527224,0.364305,0.445861,4.61844,-1.67973,0.705597,-0.182148,-0.014307,0.353168,-0.631453,-0.526567,0.352497,0.446923,0.0580147,0.241205,0.0817512
45.05,4.63788,-1.76466,0.606187,-0.666629,0.34743,2.76841,-0.164391,-0.231261,0.618161,-0.622155,-0.523733,0.370265,0.448921,4.60116,-1.68203,0.746955,-0.164697,-0.029358,0.46253,-0.627724,-0.522206,0.359743,0.451495,0.0405615,0.123918,0.00565487
45.2,4.5984,-1.76577,0.671235,-0.629058,0.354763,2.77039,0.509525,-0.0981534,-2.10036,-0.622244,-0.520019,0.376779,0.447694,4.57712,-1.68686,0.818994,-0.144449,-0.036014,0.461119,-0.626442,-0.517585,0.36755,0.452309,0.0789587,-0.00453786,0.223472
45.3,4.56908,-1.77209,0.707238,-0.60814,0.371925,2.74508,-0.0335574,0.194844,-1.01074,-0.623933,-0.517091,0.381703,0.444554,4.56335,-1.69007,0.863668,-0.131924,-0.024495,0.426635,-0.629246,-0.512637,0.375187,0.447759,0.0929213,0.117635,0.128526
45.4,4.54399,-1.77338,0.736614,-0.577487,0.397575,2.61954,-0.458269,-0.197773,-4.17204,-0.625321,-0.515543,0.384345,0.442118,4.55139,-1.69082,0.900418,-0.107706,0.004661,0.301637,-0.63126,-0.509213,0.380357,0.444456,0.053826,-0.00314159,0.136205
45.55,4.53568,-1.76653,0.767599,-0.547155,0.439483,2.44312,-0.185231,0.622486,-2.52626,-0.623357,-0.518291,0.381383,0.444238,4.53734,-1.68605,0.929676,-0.079696,0.05505,0.106351,-0.630183,-0.509578,0.380597,0.44536,-0.00342085,0.0338594,-0.0746303
46,4.52761,-1.75012,0.801779,-0.43778,0.40324,2.29303,-0.319935,-0.272553,-0.372934,-0.615021,-0.532262,0.371195,0.447952,4.53626,-1.64731,0.929075,0.084217,0.079085,-0.103387,-0.617553,-0.520823,0.373643,0.45581,0.0356745,-0.235619,-0.00411898
46.15,4.5522,-1.7489,0.79196,-0.446973,0.395866,2.27579,-1.1718,0.958261,0.570015,-0.620153,-0.538139,0.364394,0.439356,4.55114,-1.63586,0.910369,0.110338,0.072573,-0.142942,-0.622361,-0.527247,0.366242,0.447821,0.0175231,-0.147655,-0.083706
46.4,4.57083,-1.74508,0.768613,-0.512757,0.386536,2.584,0.919138,-0.357931,1.0956,-0.618416,-0.535442,0.369115,0.441155,4.57536,-1.6188,0.904971,0.081695,0.062892,0.13476,-0.622213,-0.528272,0.365594,0.447349,0.0335801,0.243299,0.0286932
46.7,4.58201,-1.71848,0.836026,-0.511645,0.428982,2.61407,-0.0516217,0.303567,-2.15633,-0.622435,-0.528018,0.37153,0.442421,4.60252,-1.59814,0.969874,0.110252,0.091809,0.153778,-0.626106,-0.519918,0.369533,0.448465,-0.173765,-0.137881,0.110375
46.9,4.60995,-1.70624,0.832358,-0.531996,0.445009,2.36368,-1.01341,0.446645,-1.84725,-0.637647,-0.523006,0.354564,0.440631,4.62657,-1.57903,0.96913,0.111912,0.102472,-0.105431,-0.642186,-0.514364,0.352411,0.445907,-0.188426,-0.213977,0.00356047
47.4,4.57084,-1.65551,0.818145,-0.701232,0.468689,2.7295,0.291114,0.0677086,0.544539,-0.649388,-0.487526,0.351132,0.466177,4.62447,-1.51508,0.983617,-0.094817,0.133254,0.225902,-0.656885,-0.483546,0.340975,0.467356,0.0119381,0.152542,0.183678
47.5,4.55862,-1.64867,0.843668,-0.673241,0.483872,2.75721,0.780384,0.0124424,0.307405,-0.649983,-0.48411,0.354304,0.466507,4.61597,-1.50111,1.00771,-0.077736,0.149539,0.247802,-0.657299,-0.47715,0.347934,0.468218,0.0105418,0.03735,0.141092
47.7,4.55295,-1.62614,0.89084,-0.630802,0.512313,2.65762,0.670686,-0.0288207,-1.32399,-0.651952,-0.48597,0.353078,0.462739,4.60493,-1.46746,1.04657,-0.034294,0.191553,0.13473,-0.659566,-0.474729,0.35214,0.46433,0.0405615,0.0548033,0.0203156
48.15,4.66561,-1.59131,0.901312,-0.576499,0.509986,2.69547,0.522966,-0.229803,-0.0814463,-0.667612,-0.491852,0.319002,0.458927,4.60156,-1.35005,1.06141,0.016898,0.287171,0.10593,-0.673285,-0.477414,0.32266,0.463307,-0.13816,-0.140674,0.0196175
48.45,4.76347,-1.5779,0.898533,-0.662241,0.516067,2.67727,-0.00979209,-0.11605,-2.27152,-0.677606,-0.469903,0.313189,0.471119,4.5941,-1.25775,1.0959,-0.0735,0.329614,0.055155,-0.684351,-0.458627,0.311365,0.473684,-0.193313,0.13439,0.106884
48.7,4.73086,-1.49569,0.908892,-0.653476,0.55748,2.53491,0.869901,0.782559,-2.22671,-0.689227,-0.441885,0.313981,0.480749,4.57326,-1.17138,1.09005,-0.068305,0.382102,-0.113886,-0.696566,-0.4291,0.313049,0.482359,-0.298032,-0.0973894,0.144583
48.75,4.72116,-1.47732,0.90608,-0.64548,0.570221,2.51277,-0.525573,0.494326,1.69123,-0.69333,-0.438352,0.307574,0.482223,4.56993,-1.1518,1.08336,-0.057595,0.401189,-0.151539,-0.701513,-0.424412,0.306924,0.483272,-0.379714,-0.130202,0.0405615
48.95,4.69402,-1.39371,0.864554,-0.663233,0.604635,2.42662,-0.12125,-0.791176,-1.73352,-0.715031,-0.418764,0.274414,0.487918,4.55673,-1.06445,1.04277,-0.079941,0.474615,-0.244374,-0.725279,-0.403735,0.273788,0.485807,-0.47466,-0.106465,0.131319
49.15,4.69657,-1.28259,0.852773,-0.685906,0.574394,2.53216,0.449541,-0.23539,-0.0303294,-0.73378,-0.3919,0.25431,0.493262,4.53236,-0.96446,0.999156,-0.133105,0.498656,-0.146425,-0.742168,-0.377785,0.249489,0.494187,-0.260333,-0.0380482,0.0873363
49.3,4.67804,-1.20032,0.856207,-0.71619,0.58364,2.6682,0.742897,-0.367506,1.5003,-0.73215,-0.375417,0.253845,0.508509,4.50582,-0.8852,0.987423,-0.194387,0.540606,-0.016541,-0.741341,-0.362415,0.245852,0.508552,-0.152821,0.241903,0.0468446
49.5,4.6299,-1.09699,0.889497,-0.69606,0.562054,2.77943,0.448984,0.0683216,-0.307729,-0.728747,-0.364945,0.253844,0.52087,4.46429,-0.774373,0.997095,-0.201557,0.549292,0.09306,-0.736533,-0.351125,0.245755,0.523292,-0.0404218,-0.0429351,0.0217119
49.7,4.6025,-0.980709,0.90803,-0.689976,0.544041,2.90451,-0.11201,-0.088292,0.375829,-0.731096,-0.369803,0.248751,0.516592,4.42354,-0.664948,1.02843,-0.216634,0.545266,0.205102,-0.738076,-0.357007,0.238722,0.520385,-0.0194779,-0.0945968,-0.131877
49.9,4.59046,-0.86651,0.943236,-0.713124,0.517815,2.81307,-1.17364,-0.0552325,-1.99257,-0.729374,-0.375643,0.249606,0.514395,4.37719,-0.55914,1.06133,-0.254899,0.513039,0.108169,-0.735882,-0.364481,0.237254,0.518982,0.0817512,0.0492183,0.0265988
50.3,4.5388,-0.651891,1.00359,-0.703068,0.526322,2.67503,-0.206719,0.216868,0.829193,-0.728454,-0.375411,0.260996,0.510199,4.26946,-0.357249,1.06375,-0.281552,0.495104,-0.059981,-0.733911,-0.363846,0.249282,0.516575,0.0733736,0.0191986,-0.00481711
50.7,4.43703,-0.446922,1.00796,-0.669527,0.532076,2.57196,-0.988107,0.396591,0.498936,-0.725097,-0.379734,0.260793,0.511883,4.16102,-0.161066,1.01745,-0.268446,0.469698,-0.184876,-0.729697,-0.367194,0.250449,0.519602,0.0286932,0.0541052,-0.0453087
51.1,4.38598,-0.247576,0.96407,-0.695155,0.554591,2.80328,0.158175,0.286709,-1.17939,-0.722364,-0.38615,0.25835,0.512186,4.05307,0.015882,0.981302,-0.297178,0.432213,0.015825,-0.72802,-0.374219,0.247152,0.51852,-0.0341386,0.0136136,-0.0117984
51.6,4.28866,-0.0528027,1.04335,-0.674699,0.478131,2.65299,0.638124,-0.535246,-0.917071,-0.728068,-0.38183,0.258973,0.507007,3.90429,0.192995,0.967558,-0.309964,0.275014,-0.161856,-0.728582,-0.370651,0.245829,0.520916,0.0817512,-0.0729548,0.122243
51.65,4.26622,-0.0536188,1.04168,-0.67693,0.482641,2.62794,0.449599,0.239778,-0.865883,-0.730337,-0.382463,0.260059,0.502692,3.88858,0.206479,0.958716,-0.317186,0.266222,-0.190257,-0.731094,-0.370557,0.248059,0.516386,0.142489,-0.241903,0.218585
51.7,4.24395,-0.0536009,1.03521,-0.677069,0.486332,2.61682,0.496934,-0.57521,0.648893,-0.733479,-0.382914,0.263158,0.496119,3.87246,0.219659,0.948515,-0.323767,0.260965,-0.208401,-0.734557,-0.371152,0.25116,0.509501,0.212302,-0.19792,0.147376
52,4.12966,-0.0687304,0.939032,-0.702135,0.59968,2.76545,0.349337,-0.126724,-0.449693,-0.714262,-0.419342,0.288658,0.480269,3.76311,0.308385,0.896439,-0.392341,0.338072,-0.070292,-0.721093,-0.405822,0.27956,0.487011,0.414062,-0.0178024,-0.313391
52.1,4.07623,-0.0620617,0.935574,-0.71642,0.626022,2.8402,-1.16765,-0.0335608,0.537482,-0.697608,-0.43732,0.295984,0.484238,3.72259,0.34391,0.893765,-0.41463,0.36371,0.001872,-0.704874,-0.424783,0.287835,0.489758,0.355419,0.146259,-0.293844
52.3,3.97899,-0.0087451,0.938272,-0.710027,0.621049,2.81954,0.601829,-0.339949,-0.12173,-0.681038,-0.460966,0.306427,0.479375,3.63898,0.416724,0.897501,-0.422762,0.35456,-0.015397,-0.685915,-0.449869,0.29852,0.487878,0.199037,-0.0115192,-0.0969705
52.4,3.92527,0.000993438,0.929419,-0.712428,0.61509,2.75495,0.606287,-0.549133,-1.1305,-0.678279,-0.466057,0.310465,0.475752,3.59617,0.451407,0.892705,-0.431521,0.340541,-0.077523,-0.683,-0.455503,0.302734,0.484128,0.134111,-0.0973894,0.00565487
52.85,3.78282,0.198661,0.816179,-0.757198,0.688437,2.75958,-0.107096,-0.174325,0.292915,-0.68549,-0.465385,0.312458,0.46464,3.38816,0.607536,0.825294,-0.506511,0.383602,-0.102851,-0.692934,-0.454943,0.305106,0.468806,-0.0515919,0.0429351,-0.00830777
53.1,3.66751,0.322749,0.82379,-0.783457,0.732214,2.87734,1.0548,0.54129,-3.15713,-0.689711,-0.453121,0.319195,0.465933,3.25286,0.709538,0.818879,-0.565715,0.427675,0.000355,-0.69767,-0.442831,0.311085,0.46945,-0.00272271,0.139277,0.142489
53.4,3.49174,0.461459,0.797849,-0.790767,0.826379,3.02261,-0.149704,0.691288,1.17357,-0.685958,-0.456906,0.312797,0.472077,3.08065,0.854929,0.822519,-0.596399,0.549483,0.099811,-0.697446,-0.443595,0.308283,0.470908,-0.0460069,0.0443314,-0.1605
53.5,3.44215,0.519914,0.829719,-0.796192,0.824197,3.04431,-0.196232,0.0817529,0.409462,-0.679393,-0.459055,0.312346,0.479723,3.02015,0.910497,0.834517,-0.610228,0.562542,0.113329,-0.690991,-0.445487,0.308106,0.478689,0.0293913,0.207694,-0.120707
53.7,3.32678,0.627496,0.880184,-0.769876,0.788017,2.92589,1.19422,-1.29883,-1.34441,-0.67159,-0.460792,0.315276,0.487071,2.89901,1.0231,0.843326,-0.596374,0.555202,-0.018144,-0.68053,-0.447276,0.311008,0.489997,0.0377689,0.0722566,0.0238063
53.75,3.29621,0.653588,0.883164,-0.76881,0.766467,2.89668,0.772351,-0.489543,-0.610176,-0.670647,-0.462287,0.316073,0.486437,2.8694,1.05036,0.841301,-0.594802,0.536337,-0.053447,-0.678559,-0.448993,0.311468,0.490868,0.113865,0.0555015,-0.0788191
54,3.15876,0.786673,0.879807,-0.725499,0.697858,2.97031,-0.556292,0.186177,-0.816434,-0.66769,-0.477539,0.321667,0.471886,2.72655,1.17701,0.828375,-0.542819,0.471281,-0.000709,-0.67132,-0.464941,0.316443,0.482725,0.155055,-0.102974,-0.0285536
54.25,3.02236,0.904707,0.894349,-0.74931,0.684216,3.0257,0.325872,-0.123936,-2.10961,-0.66403,-0.489953,0.32431,0.46242,2.58656,1.29075,0.843077,-0.562676,0.436793,0.036372,-0.667028,-0.478657,0.317942,0.47421,0.0510334,-0.047822,-0.0285536
54.7,2.7597,1.10283,0.876215,-0.767948,0.718899,3.10515,0.481822,0.404359,-0.0535495,-0.668109,-0.490294,0.333561,0.449421,2.31784,1.48132,0.836472,-0.604398,0.430463,0.083872,-0.673025,-0.478317,0.328448,0.458664,0.0356745,0.144164,0.0782606
54.8,2.69663,1.14495,0.871217,-0.78286,0.74531,3.13755,-0.415616,-0.248472,0.593247,-0.666762,-0.488099,0.335609,0.452278,2.25678,1.52562,0.84582,-0.622056,0.455866,0.119093,-0.673228,-0.476288,0.330193,0.459224,-0.0229685,0.0394444,0.00216421
55,2.56006,1.22526,0.922926,-0.789156,0.798557,3.28917,-0.160741,0.373608,-0.567991,-0.664113,-0.479748,0.344325,0.458514,2.12752,1.62281,0.886062,-0.638091,0.517521,0.271798,-0.672677,-0.465987,0.341312,0.462459,0.02241,-0.0897099,0.106186
55.2,2.42219,1.33443,0.899319,-0.779652,0.852313,3.28167,-1.21264,0.278092,-0.743293,-0.669008,-0.487322,0.331005,0.45319,2.00238,1.735,0.942956,-0.624894,0.598443,0.254247,-0.679309,-0.470647,0.332005,0.454756,-0.0725359,-0.158825,-0.214955
55.4,2.33583,1.47315,0.991242,-0.790423,0.836286,3.39575,-0.329029,-0.0737733,1.3911,-0.659285,-0.490482,0.326587,0.467024,1.8743,1.85905,1.0009,-0.642124,0.625499,0.351363,-0.668752,-0.475526,0.324887,0.470207,-0.0243648,0.235619,-0.099763
55.55,2.26464,1.59943,0.976732,-0.773749,0.794622,3.4107,0.175951,-0.788556,-0.798815,-0.650463,-0.484462,0.335323,0.479326,1.77775,1.95218,1.05773,-0.632474,0.604309,0.364295,-0.657256,-0.470529,0.331735,0.486383,0.0321839,0.312414,-0.0236667
55.7,2.18716,1.69284,1.03105,-0.709359,0.746412,3.28122,-0.363368,-0.327687,-1.85372,-0.646618,-0.484996,0.334516,0.484523,1.68824,2.04029,1.10136,-0.561793,0.558979,0.229149,-0.649267,-0.470214,0.331794,0.497257,-0.0348368,0.0555015,-0.157708
55.9,2.10952,1.80688,1.08842,-0.654504,0.645398,3.11871,-0.180391,-0.967225,-0.741069,-0.646524,-0.492691,0.323932,0.484078,1.5839,2.14313,1.13072,-0.486117,0.446524,0.05681,-0.643394,-0.478524,0.319447,0.504988,-0.0229685,-0.0973894,-0.187029
56.2,2.11116,1.77174,0.924993,-0.636063,0.534693,2.94482,-0.253464,-0.450166,-0.570759,-0.661247,-0.489303,0.33403,0.460173,1.45019,2.24219,1.11474,-0.4115,0.236398,-0.13861,-0.651812,-0.478747,0.324825,0.490337,0.0985064,-0.0366519,0.199037
56.45,2.05915,1.79489,0.824568,-0.714711,0.615665,3.00968,-0.204061,0.749601,1.00776,-0.66726,-0.493246,0.33244,0.448282,1.35463,2.29358,1.07531,-0.411616,0.204038,-0.099516,-0.661773,-0.481398,0.325641,0.473573,0.00705113,-0.0869174,0.0559203
56.9,1.93876,1.84588,0.660481,-0.865096,0.745494,3.37085,0.056066,0.589147,1.1498,-0.66151,-0.495965,0.336261,0.450945,1.16407,2.37439,1.10958,-0.460154,0.183173,0.221445,-0.662836,-0.485795,0.326793,0.466753,0.0154287,0.0680678,-0.0236667
57,1.8953,1.88,0.655566,-0.884202,0.758202,3.46191,-0.159927,0.0868853,-0.018316,-0.658251,-0.495025,0.338642,0.454947,1.11891,2.39194,1.13658,-0.466276,0.175197,0.309381,-0.660512,-0.485184,0.328681,0.46935,0.0126362,0.0143117,-0.000628319
57.2,1.8224,1.91559,0.726879,-0.887679,0.779626,3.22277,0.0566471,-0.193777,-1.38676,-0.654188,-0.493719,0.342353,0.459429,1.02653,2.4258,1.18115,-0.457821,0.164298,0.059973,-0.656257,-0.483073,0.333586,0.474012,0.0377689,0.00663225,0.0475428
58,1.54834,2.09968,0.480903,-0.967716,0.927083,3.35202,-0.348296,-1.36627,-1.91199,-0.657829,-0.501965,0.335189,0.450489,0.658132,2.59335,1.10556,-0.559799,0.324267,0.098178,-0.666396,-0.488455,0.330271,0.456344,0.0363727,0.03735,0.0279951
58.4,1.31357,2.25164,0.439549,-0.980859,1.02481,3.1121,-0.74218,1.42205,0.826084,-0.660907,-0.490652,0.352871,0.444909,0.421299,2.74549,1.13161,-0.596244,0.467502,-0.1602,-0.673389,-0.472884,0.353542,0.4449,-0.0355349,-0.0191986,-0.136066
58.6,1.21074,2.36755,0.391032,-0.973442,1.04106,3.03791,-0.112208,-0.547091,1.27477,-0.652762,-0.502977,0.335896,0.456167,0.303615,2.84931,1.08993,-0.588068,0.554151,-0.250777,-0.665561,-0.48508,0.336934,0.456292,-0.0871966,-0.0164061,-0.202388
58.75,1.13334,2.46928,0.376413,-0.978546,0.989534,3.01357,0.914504,-0.462083,-0.671103,-0.645109,-0.508721,0.328405,0.466034,0.214408,2.93269,1.04942,-0.601243,0.542979,-0.279823,-0.655869,-0.493224,0.325919,0.469407,-0.0564789,0.116937,-0.153519
58.9,1.09265,2.52542,0.481009,-0.948319,0.911008,3.09196,0.888011,-0.179527,1.80772,-0.644219,-0.502186,0.339051,0.466729,0.123901,3.01069,1.01104,-0.579698,0.491364,-0.219716,-0.651145,-0.488622,0.33351,0.475425,0.0831475,0.181863,0.109676
59.15,0.988692,2.63917,0.585787,-0.92403,0.861489,3.30601,-0.344395,-0.658834,1.32782,-0.647443,-0.497534,0.347986,0.460634,-0.0157391,3.12958,0.978013,-0.540349,0.457742,-0.038191,-0.650879,-0.483984,0.342235,0.474333,0.0545241,0.0701622,-0.0124966
59.55,0.859105,2.76946,0.398631,-0.876663,0.821169,3.44345,-0.643858,0.450517,-0.442018,-0.634305,-0.519901,0.356519,0.447498,-0.212519,3.30123,1.00263,-0.430996,0.397847,0.021804,-0.634625,-0.505674,0.351931,0.466572,0.0768643,-0.0925025,-0.0124966
60.05,0.708915,2.98466,0.351254,-0.913819,0.824244,3.48481,-1.10935,0.84353,1.87787,-0.631944,-0.527963,0.360134,0.438411,-0.405238,3.48232,0.968262,-0.362375,0.325701,-0.00622,-0.631336,-0.515597,0.353122,0.459217,0.0217119,-0.0198968,0.0140324
60.85,0.472055,3.21339,0.33041,-0.88454,0.894645,3.50954,-0.020447,0.568235,1.93503,-0.633727,-0.523681,0.359948,0.441119,-0.642287,3.6999,0.895318,-0.22066,0.258807,-0.01679,-0.633709,-0.508926,0.355621,0.461455,-0.0481013,0.0345575,0.00356047
61.35,0.369124,3.34103,0.309804,-0.935391,0.911915,3.63373,-0.45529,0.333421,-1.72067,-0.6425,-0.505137,0.350896,0.457058,-0.738961,3.81931,0.956205,-0.143883,0.213714,0.110323,-0.643814,-0.490533,0.345322,0.475008,-0.137462,0.0492183,0.0391652
61.85,0.30757,3.42451,0.281541,-0.943435,0.909176,3.37822,0.206453,-0.621255,0.93179,-0.667497,-0.488474,0.328682,0.455861,-0.782693,3.91272,0.925873,-0.058481,0.156687,-0.192249,-0.668374,-0.472006,0.32408,0.474825,0.00216421,-0.191637,0.0524297
62,0.303613,3.43767,0.250778,-0.99586,0.93272,3.52258,-1.60987,0.331248,1.09225,-0.671014,-0.487711,0.326668,0.452952,-0.793718,3.93741,0.905776,-0.088726,0.164865,-0.063075,-0.673799,-0.472464,0.320238,0.469277,0.0182212,-0.0331613,-0.0138928
62.7,0.209144,3.52849,0.150719,-1.13298,1.05762,3.71793,0.40272,0.781932,0.917532,-0.665426,-0.487007,0.332188,0.457912,-0.878445,4.07885,0.906282,-0.180122,0.262133,0.089891,-0.675003,-0.473341,0.323255,0.46457,0.00705113,-0.0973894,0.0335801
62.9,0.17333,3.58403,0.121246,-1.15344,1.0696,3.82565,-0.0298102,-0.0468827,-2.19253,-0.667951,-0.493219,0.327294,0.451061,-0.916099,4.13227,0.937351,-0.20156,0.275282,0.198855,-0.678041,-0.480224,0.317143,0.457237,-0.000628319,-0.13439,-0.057177
63.1,0.133386,3.62619,0.0614655,-1.23787,1.10462,3.74117,-0.103186,0.0184523,-1.78588,-0.667465,-0.496442,0.324292,0.450412,-0.966589,4.19057,0.968943,-0.311846,0.317125,0.101772,-0.68079,-0.485738,0.310988,0.45152,-0.067649,-0.0722566,-0.0655546
63.2,0.110882,3.65803,0.0354034,-1.27212,1.10783,3.69946,-0.39195,0.965689,-1.86415,-0.666466,-0.496394,0.324678,0.451664,-1.00032,4.22231,0.976282,-0.367016,0.326151,0.052335,-0.681245,-0.486694,0.309776,0.450637,-0.0285536,0.0834267,-0.0620639
63.25,0.106509,3.65756,0.010652,-1.28753,1.10584,3.67798,-1.42304,-0.49292,1.33616,-0.667564,-0.496112,0.325059,0.450075,-1.0193,4.23873,0.977786,-0.392417,0.332462,0.018197,-0.681653,-0.487053,0.309042,0.450136,-0.000628319,-0.0115192,0.0126362
63.35,0.0570462,3.68085,0.00412688,-1.32631,1.11692,3.65875,-0.832789,0.706076,1.17504,-0.664366,-0.491557,0.331475,0.455098,-1.06233,4.27308,0.978141,-0.462588,0.353747,-0.012049,-0.679456,-0.483805,0.3138,0.453654,0.0307876,0.299149,0.185075
63.65,-0.0696781,3.72546,0.14168,-1.24981,1.1705,3.47481,-0.391417,0.0841795,-1.97501,-0.65679,-0.469135,0.36215,0.466246,-1.20884,4.39346,0.946299,-0.46294,0.456843,-0.221495,-0.672327,-0.455215,0.352176,0.46554,0.102695,0.146259,0.187867
63.9,-0.229251,3.8104,0.115865,-1.1197,1.21708,3.34134,0.586674,0.641291,-1.36189,-0.649473,-0.482502,0.34362,0.476762,-1.31091,4.52375,0.869151,-0.349543,0.5612,-0.390415,-0.664639,-0.460826,0.34396,0.47706,-0.110933,-0.0268781,-0.448829
64.15,-0.324735,3.96092,0.0521579,-1.06685,1.10252,3.41955,0.372355,-0.335863,-1.50459,-0.657874,-0.4922,0.325971,0.467636,-1.39053,4.66114,0.766126,-0.287027,0.519124,-0.354313,-0.666971,-0.472616,0.323272,0.476738,-0.0152891,-0.34383,0.043354
64.4,-0.337935,4.04644,-0.0906717,-1.19295,1.10841,3.68816,-0.16583,-0.0737841,1.08904,-0.678654,-0.499798,0.311528,0.43884,-1.47027,4.79348,0.702748,-0.414748,0.566267,-0.121988,-0.690348,-0.485102,0.301953,0.443757,-0.0508938,-0.117635,-0.00202458
64.65,-0.417772,4.21423,-0.161845,-1.31594,1.12892,3.68308,-0.0154979,-0.395134,-1.72933,-0.66796,-0.488422,0.326746,0.456629,-1.59878,4.94363,0.679669,-0.598909,0.621286,-0.135158,-0.68272,-0.479274,0.308955,0.456877,0.032882,0.0575959,0.00984366
64.7,-0.446503,4.24488,-0.176217,-1.32456,1.14004,3.66559,-0.292676,0.738666,0.73472,-0.666844,-0.487447,0.327458,0.458788,-1.62926,4.975,0.672046,-0.621654,0.634234,-0.163381,-0.682118,-0.478852,0.309136,0.458095,-0.0669508,0.119031,-0.00621337
65,-0.651834,4.44704,-0.140185,-1.33535,1.11811,3.88272,0.950603,-1.65692,0.601618,-0.665786,-0.484632,0.331684,0.460268,-1.83908,5.17195,0.633099,-0.752782,0.66829,0.011673,-0.680128,-0.476506,0.312157,0.461438,-0.00760964,-0.0806342,0.0733736
65.2,-0.799118,4.57006,-0.0637609,-1.27598,1.13715,4.07096,-0.175912,1.16333,-1.30957,-0.66881,-0.47181,0.335856,0.466143,-1.99444,5.30609,0.656286,-0.754953,0.664048,0.189284,-0.682125,-0.461755,0.319156,0.468645,-0.151425,0.14207,0.212302
65.35,-0.90149,4.68143,-0.0319607,-1.24621,1.18531,4.0402,1.66414,0.275909,1.00359,-0.679933,-0.448239,0.329921,0.477414,-2.10856,5.40673,0.683534,-0.757527,0.686912,0.153486,-0.69306,-0.435133,0.316126,0.479992,-0.362959,0.068766,0.325399
65.45,-0.955308,4.76157,0.00122301,-1.17561,1.19444,3.98408,0.643827,-0.494673,-1.38311,-0.690481,-0.427803,0.321861,0.486442,-2.18196,5.47636,0.697111,-0.703907,0.704748,0.106145,-0.702789,-0.411317,0.310351,0.490498,-0.457206,0.215374,0.31004
65.5,-0.975877,4.80541,0.0156423,-1.14258,1.20638,3.95167,2.0709,0.11322,-1.27925,-0.695165,-0.417464,0.317482,0.491604,-2.21705,5.51241,0.701761,-0.685058,0.727222,0.074529,-0.707604,-0.398443,0.307168,0.496173,-0.50817,0.16441,0.258379
65.55,-0.997481,4.84986,0.020674,-1.0982,1.19882,3.9257,0.545698,-1.54273,-0.589968,-0.700048,-0.408242,0.310732,0.496706,-2.25028,5.54922,0.704661,-0.645861,0.736572,0.048923,-0.711701,-0.387361,0.300387,0.503191,-0.568209,0.230733,0.143187
65.65,-1.04204,4.93444,0.0424561,-1.03611,1.18551,3.93738,0.247429,0.273981,-0.0665919,-0.703813,-0.394566,0.295891,0.511285,-2.31348,5.62397,0.710467,-0.595944,0.743956,0.063175,-0.714231,-0.370522,0.28674,0.519969,-0.439055,0.15324,-0.0501957
65.75,-1.10506,5.00379,0.0555715,-0.983459,1.14906,3.9665,0.404065,-0.566105,-0.784301,-0.709416,-0.385966,0.282956,0.517392,-2.37073,5.69892,0.718125,-0.546857,0.735739,0.095737,-0.718021,-0.359433,0.274588,0.529013,-0.228917,-0.0778417,0.080355
65.8,-1.12544,5.04578,0.0566315,-0.962931,1.14138,4.03345,1.82275,-0.866055,0.521543,-0.712285,-0.384397,0.275834,0.518463,-2.39774,5.73647,0.724383,-0.527425,0.741865,0.158648,-0.720642,-0.357007,0.267529,0.530708,-0.248465,-0.0233874,-0.0355349
65.85,-1.13581,5.0906,0.0580602,-0.953688,1.12841,4.08125,0.952056,-0.937858,2.25336,-0.715207,-0.381723,0.272044,0.51842,-2.42372,5.77347,0.733023,-0.511726,0.737081,0.201051,-0.723473,-0.354052,0.262918,0.531139,-0.214955,-0.0527089,0.0761662
66.15,-1.25987,5.30113,0.151153,-0.897102,1.05035,4.13724,-1.2808,-0.104413,0.0872873,-0.725962,-0.374627,0.260528,0.514547,-2.55806,5.98212,0.815466,-0.400444,0.656807,0.245681,-0.730611,-0.345903,0.250914,0.532542,0.0126362,-0.147655,0.043354
66.35,-1.32178,5.43587,0.184224,-0.88844,1.05471,4.04685,-0.855259,0.144972,0.72132,-0.730997,-0.379641,0.25397,0.506967,-2.6314,6.11004,0.852068,-0.348252,0.632611,0.138357,-0.736018,-0.350332,0.245276,0.524771,0.0112399,-0.0352557,0.00356047
66.45,-1.33805,5.5064,0.185361,-0.899281,1.05932,4.00103,-0.816745,0.980526,-1.66098,-0.730187,-0.378496,0.258066,0.506922,-2.66587,6.1727,0.863257,-0.341495,0.626697,0.090711,-0.735547,-0.350045,0.248159,0.524267,0.0629017,0.101578,0.059411
66.95,-1.52644,5.74812,0.309049,-0.824084,1.10178,4.05361,0.708437,0.142761,0.451399,-0.725086,-0.377346,0.263019,0.512524,-2.78996,6.47788,0.889508,-0.136811,0.615789,0.102721,-0.729208,-0.344071,0.259455,0.531558,-0.0920836,-0.0589921,0.02241
67.15,-1.55429,5.86641,0.302257,-0.785101,1.09538,3.9028,-0.0147207,0.212286,0.373387,-0.733653,-0.366142,0.244953,0.517389,-2.8057,6.59847,0.894352,-0.026249,0.59733,-0.061576,-0.737432,-0.330076,0.244653,0.536087,-0.374129,0.0429351,0.0866381
67.35,-1.60901,5.90525,0.201189,-0.773904,1.08271,3.78904,0.0606135,0.614164,-1.02766,-0.749571,-0.332293,0.219095,0.528887,-2.80245,6.71653,0.8666,0.052019,0.580667,-0.189878,-0.752992,-0.294723,0.218488,0.546263,-0.510264,0.0205949,0.187867
67.55,-1.62975,6.0263,0.20085,-0.755573,1.04424,3.72738,0.0759974,-0.265283,1.5508,-0.769177,-0.29118,0.188947,0.536545,-2.78415,6.82868,0.820014,0.133231,0.534282,-0.277697,-0.768614,-0.251368,0.187742,0.557494,-0.550756,0.00593412,0.192056
67.7,-1.62994,6.11772,0.190007,-0.767408,1.02431,3.76773,0.269657,0.3207,-0.140415,-0.7806,-0.259645,0.167443,0.543334,-2.76168,6.90788,0.778804,0.169443,0.504561,-0.245098,-0.779123,-0.218406,0.164658,0.564051,-0.439753,-0.000349066,0.146677
67.9,-1.60336,6.22181,0.172521,-0.799311,1.00398,3.89476,-0.39264,0.681623,-0.509763,-0.792321,-0.234786,0.148268,0.543249,-2.72358,7.00368,0.743912,0.195485,0.460701,-0.118322,-0.789892,-0.194953,0.140195,0.564277,-0.206577,-0.160919,0.0265988
68.15,-1.55597,6.31974,0.106518,-0.886886,1.10043,4.16378,-0.495939,0.161648,1.64615,-0.804912,-0.2286,0.135562,0.530548,-2.6773,7.12218,0.746675,0.164067,0.507266,0.14464,-0.806699,-0.190833,0.12342,0.545515,-0.0501957,0.0205949,-0.0117984
68.5,-1.58131,6.50938,0.17668,-0.922774,1.10626,4.37545,-0.253635,0.694652,1.16456,-0.786254,-0.227279,0.146686,0.555547,-2.6249,7.29452,0.841965,0.154644,0.455822,0.345927,-0.787727,-0.191709,0.130312,0.570747,0.0677886,-0.284489,-0.0194779
68.55,-1.58467,6.53954,0.179598,-0.921291,1.09879,4.40364,-0.752543,0.110461,-1.94499,-0.787947,-0.22907,0.146695,0.552401,-2.61713,7.31724,0.86076,0.158427,0.446618,0.378179,-0.788765,-0.193446,0.130701,0.568635,0.0475428,-0.165108,-0.0529882
68.7,-1.58719,6.61369,0.241164,-0.928436,1.10254,4.54518,-0.375877,0.585879,0.766054,-0.786933,-0.232398,0.152094,0.550994,-2.59374,7.38251,0.927748,0.155802,0.429141,0.503438,-0.788226,-0.197956,0.134761,0.566879,0.0747699,0.074351,0.0629017
68.9,-1.5775,6.70071,0.337359,-0.871988,1.07439,4.45905,0.137554,-0.304959,-0.86879,-0.786066,-0.222832,0.151402,0.556349,-2.55658,7.46273,1.02316,0.219145,0.37286,0.410787,-0.784837,-0.186277,0.137291,0.574877,-0.180048,0.0527089,0.0440521
69.05,-1.57102,6.77857,0.365453,-0.869803,1.06426,4.35215,-0.430602,0.550984,-0.416703,-0.787466,-0.215571,0.143966,0.559196,-2.52256,7.51602,1.07697,0.23316,0.334974,0.296613,-0.784666,-0.178354,0.129485,0.579415,-0.123499,0.113446,-0.00621337
69.35,-1.57907,6.90414,0.374969,-0.804897,1.01586,4.09246,-0.289268,0.829555,-0.303161,-0.79467,-0.197848,0.121932,0.560793,-2.44115,7.60153,1.12151,0.330279,0.214771,0.018838,-0.78825,-0.156978,0.111566,0.584442,-0.395073,-0.0275762,0.150866
69.55,-1.57587,6.98232,0.359303,-0.795439,1.0091,3.99703,0.00491881,0.45135,-0.976252,-0.80616,-0.15989,0.0921059,0.56219,-2.37138,7.63942,1.11352,0.370059,0.152893,-0.090593,-0.798589,-0.117127,0.0822433,0.584614,-0.540284,-0.0855211,0.144583
69.75,-1.53722,7.05399,0.344941,-0.827585,1.00708,3.9441,-0.479851,-0.138821,0.142384,-0.82008,-0.120661,0.0647397,0.555624,-2.29651,7.66245,1.08701,0.366193,0.091773,-0.167638,-0.810939,-0.0780593,0.0513491,0.577623,-0.354581,-0.13439,0.136205
69.95,-1.46568,7.06723,0.312272,-0.864837,1.06861,4.04828,-0.649221,1.56198,1.19214,-0.8225,-0.0988627,0.0510684,0.557773,-2.22538,7.67938,1.05517,0.344334,0.090223,-0.087361,-0.814594,-0.0566201,0.0348733,0.576208,-0.17935,0.0925025,0.0531278
70,-1.45406,7.05386,0.313826,-0.869624,1.07086,4.10044,-0.542986,1.48413,1.93322,-0.821687,-0.0960617,0.0492492,0.559622,-2.20832,7.68353,1.05233,0.341,0.078721,-0.042155,-0.813392,-0.0536323,0.0323222,0.578335,-0.13467,0.113446,0.0321839
70.2,-1.40169,7.08868,0.339912,-0.887531,1.07844,4.24668,0.226828,-1.54091,0.772132,-0.815456,-0.0901155,0.0480258,0.56974,-2.1415,7.69541,1.05767,0.322628,0.031702,0.090499,-0.805775,-0.0487098,0.0282662,0.589537,0.0677886,0.116239,0.0747699
70.4,-1.34439,7.09576,0.380452,-0.882728,1.06925,4.35779,-0.398696,-1.10239,-1.47652,-0.817726,-0.0928356,0.0490345,0.565952,-2.07663,7.69469,1.08539,0.325301,-0.046151,0.195015,-0.807362,-0.0511944,0.0295206,0.58709,0.0154287,-0.171391,-0.0508938
70.9,-1.19167,7.02402,0.38745,-0.846385,1.11082,4.16328,0.99509,-0.199214,-0.377749,-0.810611,-0.0992811,0.0622616,0.57374,-1.9194,7.65458,1.13216,0.334567,-0.125849,-0.032283,-0.80357,-0.0575973,0.0431881,0.59084,-0.0592714,0.0338594,0.236038
71.2,-1.08627,6.94371,0.417341,-0.722187,1.07862,4.02939,0.135474,0.305556,0.625881,-0.813563,-0.0591572,0.035845,0.577348,-1.79901,7.59941,1.10188,0.485515,-0.235002,-0.18552,-0.802874,-0.0105297,0.02641,0.595471,-0.587059,-0.107163,0.0901288
71.3,-1.03164,6.92621,0.433139,-0.701564,1.0639,4.01695,0.470484,0.455586,-1.80826,-0.817657,-0.0410111,0.00924134,0.574169,-1.74831,7.57398,1.08394,0.527328,-0.273635,-0.193406,-0.806069,0.0105335,0.00154272,0.591726,-0.748327,-0.0715585,0.0642979
71.45,-0.9614,6.86478,0.469126,-0.722997,0.980382,3.91737,-0.675425,-0.277322,-1.7834,-0.829184,-0.00046864,-0.0280078,0.558274,-1.6682,7.52541,1.04891,0.537471,-0.387503,-0.288055,-0.813444,0.0529903,-0.0361967,0.578092,-0.748327,-0.278904,0.274436
71.6,-0.904079,6.77808,0.475342,-0.765144,1.08292,3.95516,-0.788123,1.13356,1.42104,-0.832099,0.0394732,-0.0516362,0.550806,-1.58852,7.47325,1.00684,0.51972,-0.321122,-0.255754,-0.817882,0.0923832,-0.0639332,0.564311,-0.456508,-0.0938987,0.233944
71.85,-0.832952,6.64385,0.479308,-0.774396,1.24426,4.19342,-1.33479,0.234984,2.27247,-0.835245,0.0732977,-0.0716232,0.540244,-1.45763,7.40662,0.967856,0.530232,-0.195593,-0.028385,-0.82461,0.125035,-0.0878634,0.544669,-0.151425,-0.0219911,0.0238063
71.95,-0.795117,6.66239,0.442442,-0.758782,1.30941,4.27875,0.632435,1.86553,1.87308,-0.833392,0.0768297,-0.0756241,0.542067,-1.40418,7.39005,0.969547,0.545528,-0.135358,0.051622,-0.824771,0.129258,-0.0912615,0.542878,-0.119311,0.0589921,0.0286932
72,-0.770894,6.67464,0.435905,-0.769164,1.34469,4.32709,-0.519342,-0.0363197,-0.0180451,-0.831984,0.0782151,-0.0752903,0.544074,-1.37706,7.38464,0.973383,0.540627,-0.091537,0.104102,-0.824074,0.130542,-0.0919434,0.543514,0.00774926,0.047822,-0.00481711
72.3,-0.617976,6.72668,0.395939,-0.758585,1.45531,4.15853,0.507776,0.60879,-1.35262,-0.818815,0.0720749,-0.0758136,0.564446,-1.21226,7.37869,0.995641,0.551293,0.05063,-0.077371,-0.814958,0.122944,-0.0952968,0.558253,0.0559203,0.260752,-0.0683471
72.65,-0.465663,6.81234,0.446409,-0.8216,1.36413,4.39506,0.121933,-1.00997,2.7507,-0.811778,0.0592462,-0.0661244,0.577178,-1.03111,7.39512,0.995324,0.47165,0.021571,0.126161,-0.805155,0.106584,-0.0912231,0.576233,0.136904,-0.0401426,0.0238063
73,-0.36537,6.80915,0.572407,-0.83599,1.27021,4.32941,0.385583,-0.114276,-0.183555,-0.809506,0.0520838,-0.060545,0.581655,-0.876473,7.39168,1.04026,0.408225,-0.058981,0.02989,-0.799429,0.0984279,-0.08702,0.586218,-0.0299498,0.0897099,-0.0285536
73.25,-0.274413,6.82547,0.606685,-0.831144,1.2119,4.21248,0.056045,-0.20176,-1.07441,-0.814661,0.0566138,-0.0550062,0.57454,-0.782638,7.36608,1.02432,0.364499,-0.142529,-0.11888,-0.801592,0.10358,-0.0805771,0.583292,-0.0823097,0.0247837,0.0733736
73.45,-0.216316,6.87344,0.573768,-0.801984,1.17589,4.37374,-0.348787,-0.093642,1.50709,-0.814518,0.0694392,-0.0697353,0.57173,-0.709649,7.33034,1.0119,0.366256,-0.217208,0.010597,-0.799093,0.118448,-0.0926958,0.582089,-0.26173,0.00872665,0.0440521
73.7,-0.155967,6.93463,0.501404,-0.804683,1.17562,4.56225,-0.263397,0.370808,-0.0866439,-0.814011,0.105755,-0.0998251,0.562349,-0.621044,7.2661,1.0373,0.334488,-0.285654,0.180128,-0.797242,0.155101,-0.122837,0.570316,-0.397865,-0.118333,0.0496372
73.85,-0.0939049,6.95509,0.481057,-0.809371,1.19904,4.51226,-0.310125,-0.622529,1.25535,-0.814256,0.12921,-0.108692,0.555408,-0.573456,7.22298,1.06098,0.306073,-0.286143,0.121093,-0.796959,0.17873,-0.13285,0.561482,-0.254748,-0.125315,0.123639
74.15,-0.0617117,6.85605,0.540419,-0.795686,1.25414,4.346,0.071628,1.15044,0.324478,-0.804947,0.146547,-0.127077,0.560745,-0.485393,7.14215,1.07,0.278835,-0.251792,-0.054286,-0.789031,0.197356,-0.15085,0.561894,-0.0844041,0.227242,0.069883
74.4,-0.00613316,6.91279,0.488874,-0.808597,1.20035,4.29694,-1.76327,-1.98164,0.167622,-0.796867,0.152577,-0.129341,0.570082,-0.422402,7.07515,1.04744,0.23494,-0.309907,-0.120575,-0.777715,0.202824,-0.154545,0.574576,-0.0920836,0.03735,0.109676
74.6,0.0790103,6.89856,0.494187,-0.81576,1.12761,4.38045,0.0464777,-1.20226,-0.189628,-0.793058,0.165362,-0.138478,0.569682,-0.379355,7.00352,1.02516,0.199936,-0.408183,-0.055021,-0.771081,0.217476,-0.16106,0.576366,-0.221936,0.0513127,0.114563
74.8,0.106305,6.81445,0.543772,-0.831584,1.0637,4.37443,0.0119336,1.62674,-1.86153,-0.800607,0.192478,-0.146981,0.548067,-0.344474,6.9086,1.01806,0.160281,-0.517185,-0.071969,-0.774501,0.244302,-0.169905,0.558209,-0.241484,-0.223751,0.17949
74.95,0.113511,6.73009,0.53996,-0.783754,1.08866,4.19752,0.668022,0.991712,-1.0494,-0.801481,0.210316,-0.156772,0.537418,-0.318256,6.83152,0.994512,0.191217,-0.515671,-0.257037,-0.775924,0.264758,-0.176186,0.544797,-0.270107,-0.0324631,0.143885
75.05,0.110612,6.66804,0.554852,-0.74839,1.09215,4.13424,0.607025,0.736625,0.917937,-0.797841,0.224902,-0.167257,0.533755,-0.297455,6.77926,0.964227,0.223304,-0.532857,-0.330196,-0.772431,0.281745,-0.183463,0.538805,-0.441149,-0.0492183,0.229057
75.1,0.139894,6.66787,0.540205,-0.743534,1.11577,4.16365,-1.30827,0.160839,0.576674,-0.795305,0.232828,-0.171382,0.532832,-0.285797,6.75309,0.948389,0.234153,-0.519996,-0.302103,-0.769409,0.290486,-0.188376,0.536788,-0.312693,-0.0268781,0.148772
75.2,0.147026,6.60703,0.559522,-0.720389,1.10891,4.25245,-0.75817,-0.144439,0.2482,-0.790621,0.245001,-0.181658,0.530936,-0.260429,6.70031,0.921977,0.259804,-0.550311,-0.219717,-0.763579,0.304124,-0.197261,0.534362,-0.346204,0.042237,0.111771
75.45,0.258767,6.52589,0.489602,-0.670771,1.17915,4.53486,-0.131853,0.00973725,1.89288,-0.785014,0.25838,-0.199195,0.526607,-0.18678,6.5659,0.900356,0.32624,-0.52427,0.045593,-0.761015,0.318176,-0.215077,0.522841,-0.106744,-0.0219911,-0.0432144
75.7,0.339773,6.39403,0.475668,-0.617895,1.26201,4.68536,-0.201915,-0.493018,1.5395,-0.782561,0.258411,-0.202182,0.529098,-0.0961571,6.44482,0.936004,0.400886,-0.449903,0.180458,-0.761656,0.318544,-0.218355,0.520318,0.0363727,0.0792379,-0.00481711
75.85,0.394161,6.33519,0.517227,-0.616605,1.27008,4.63041,-1.80522,-1.12706,0.200336,-0.774358,0.253147,-0.203791,0.542915,-0.0363231,6.38193,0.960747,0.407387,-0.419326,0.124772,-0.754908,0.31273,-0.221499,0.532215,0.0615054,0.243299,0.0356745
75.95,0.376923,6.29179,0.553877,-0.618887,1.26149,4.55656,-0.527822,0.016259,-2.6146,-0.769468,0.248004,-0.206554,0.551133,0.00446185,6.3398,0.96997,0.406033,-0.425923,0.052417,-0.748854,0.307284,-0.22505,0.542353,0.016825,0.234921,-0.0948761
76.1,0.3483,6.20849,0.552202,-0.672955,1.23153,4.45822,-0.626785,-0.185917,-1.21105,-0.767535,0.244001,-0.205526,0.555979,0.0621509,6.27322,0.969528,0.354206,-0.461192,-0.057025,-0.745606,0.301143,-0.22735,0.549269,0.0845437,0.126013,0.0126362
76.15,0.363252,6.2145,0.577188,-0.683531,1.21079,4.42519,-0.628638,-0.628101,0.278156,-0.768072,0.243555,-0.204557,0.555791,0.0795399,6.24942,0.965626,0.341916,-0.485338,-0.096653,-0.744694,0.300721,-0.225994,0.551294,0.0405615,0.0387463,0.0670905
76.4,0.281092,6.08412,0.546733,-0.735644,1.14273,4.46049,-0.632899,-0.944219,0.940543,-0.771356,0.248513,-0.191051,0.55385,0.154362,6.11457,0.93571,0.268396,-0.59647,-0.078732,-0.74445,0.303782,-0.215004,0.554332,0.0217119,-0.140674,0.0217119
76.55,0.231653,5.99601,0.527983,-0.72542,1.11786,4.4954,0.0716788,0.353563,-0.57041,-0.777309,0.251539,-0.187197,0.545413,0.193118,6.01969,0.928213,0.258978,-0.656878,-0.050541,-0.749968,0.308547,-0.208452,0.546713,0.00495674,-0.158825,0.0461465
76.8,0.116521,5.85477,0.496023,-0.662814,1.12399,4.42124,0.819037,-0.181031,-0.516339,-0.783406,0.252709,-0.186666,0.536255,0.263243,5.85031,0.903392,0.310327,-0.688994,-0.144447,-0.757776,0.313888,-0.201899,0.535245,0.00844739,0.0638791,-0.0194779
77,-0.00554434,5.75546,0.475507,-0.617397,1.13718,4.35566,1.57847,0.281402,1.01344,-0.780911,0.258578,-0.188004,0.536628,0.331894,5.71222,0.865945,0.374161,-0.702866,-0.22666,-0.755004,0.322245,-0.199456,0.535112,-0.00551524,-0.0918043,0.181584
77.05,-0.0297293,5.72181,0.471567,-0.609032,1.13558,4.3864,-0.434296,-0.0253825,0.531652,-0.781532,0.261696,-0.185984,0.534914,0.351062,5.67685,0.855255,0.395765,-0.713079,-0.198848,-0.755177,0.326128,-0.196445,0.533627,-0.0313461,-0.188146,0.19415
77.25,-0.0851981,5.55842,0.444417,-0.552884,1.13341,4.55628,0.56746,0.522674,1.52879,-0.783295,0.258648,-0.197818,0.529545,0.442122,5.52938,0.833524,0.504349,-0.758989,-0.033179,-0.757692,0.326771,-0.203256,0.527078,-0.120009,-0.132296,-0.159802
77.3,-0.113409,5.52228,0.441438,-0.544776,1.14715,4.59174,0.415103,0.807919,0.284433,-0.782877,0.257085,-0.201552,0.529517,0.467976,5.49141,0.833207,0.52998,-0.75607,0.005499,-0.758749,0.324804,-0.207812,0.524992,-0.106744,-0.0485202,-0.123499
77.45,0.0236798,5.49728,0.428115,-0.558921,1.18245,4.53832,-0.558371,0.437303,0.589651,-0.782506,0.253673,-0.210139,0.528371,0.550446,5.3783,0.831733,0.561604,-0.743843,-0.047292,-0.760802,0.319552,-0.219434,0.520496,-0.0809135,-0.0855211,-0.0844041
77.6,0.160779,5.51483,0.437035,-0.570526,1.23053,4.48831,0.0204922,0.881772,0.298425,-0.781838,0.254835,-0.211256,0.528356,0.636321,5.27025,0.820154,0.580615,-0.697749,-0.102047,-0.762924,0.317118,-0.225649,0.516203,-0.0760265,-0.0485202,-0.0948761
77.65,0.196393,5.48735,0.431977,-0.575663,1.24366,4.48151,0.363649,0.062247,0.390667,-0.78188,0.253914,-0.212878,0.528086,0.665592,5.2361,0.815094,0.585376,-0.676388,-0.109096,-0.76378,0.315519,-0.228353,0.514726,-0.0655546,0.0268781,-0.173067
77.75,0.281192,5.46895,0.414873,-0.592728,1.28294,4.46317,0.635145,0.918315,0.61219,-0.780769,0.252604,-0.215424,0.529324,0.724249,5.17094,0.80344,0.581544,-0.624324,-0.133495,-0.76508,0.311188,-0.235189,0.512349,-0.0111003,0.0178024,-0.0962724
77.85,0.278178,5.3848,0.416545,-0.618639,1.30753,4.45203,-0.70461,-0.509653,1.73408,-0.778535,0.252661,-0.21595,0.532364,0.78164,5.111,0.789038,0.56662,-0.56879,-0.154626,-0.764925,0.308992,-0.23878,0.512249,-0.00551524,0.0855211,-0.0536863
77.95,0.357226,5.39504,0.414102,-0.642473,1.32604,4.42951,-1.10609,0.663255,0.272136,-0.776416,0.250284,-0.219804,0.534997,0.837309,5.05645,0.772173,0.546041,-0.522023,-0.181682,-0.763209,0.304478,-0.245523,0.514319,-0.0795172,0.0652753,-0.133273
78.05,0.361074,5.32108,0.409101,-0.679272,1.34629,4.41044,-0.946058,-0.207372,-0.298805,-0.772543,0.252013,-0.217806,0.540581,0.889674,5.00756,0.752761,0.501592,-0.465038,-0.208086,-0.759249,0.303271,-0.247789,0.519777,0.0210138,0.107861,0.118054
78.15,0.4121,5.35669,0.377937,-0.704942,1.34186,4.38062,0.119881,-0.54551,-0.00604885,-0.768837,0.256504,-0.211483,0.546233,0.937572,4.9628,0.729414,0.458969,-0.434921,-0.247625,-0.754476,0.306445,-0.243501,0.526844,0.0531278,0.179769,0.120148
78.3,0.512106,5.3475,0.37328,-0.737416,1.30365,4.32753,-1.5506,-0.26524,-0.174819,-0.764933,0.258146,-0.20893,0.551894,1.00236,4.89846,0.687344,0.400931,-0.428287,-0.31349,-0.74833,0.307726,-0.241628,0.535652,-0.00760964,0.015708,0.0866381
78.4,0.576228,5.34491,0.366247,-0.760912,1.27629,4.35398,-0.380559,-1.2436,-0.164779,-0.765513,0.259413,-0.20659,0.551375,1.03967,4.85564,0.656652,0.349047,-0.428082,-0.295396,-0.747244,0.307988,-0.240725,0.537421,0.00565487,-0.130202,0.0252026
78.45,0.604128,5.34673,0.353452,-0.768912,1.26424,4.38776,0.125322,-0.804028,-0.688914,-0.767011,0.25932,-0.206292,0.549447,1.05643,4.83399,0.642661,0.324981,-0.430383,-0.263884,-0.748635,0.308281,-0.240013,0.535632,0.0154287,-0.0918043,-0.0474031
78.6,0.679915,5.38483,0.344871,-0.755051,1.2548,4.50258,-0.185016,-0.73941,0.412407,-0.774837,0.260006,-0.204343,0.538766,1.10186,4.77008,0.609177,0.294409,-0.407821,-0.1608,-0.756315,0.309714,-0.237135,0.525196,-0.00272271,-0.0715585,-0.125594
78.65,0.704285,5.38815,0.33699,-0.751706,1.25179,4.54648,-0.335254,1.34857,0.612778,-0.776055,0.259571,-0.205334,0.536843,1.11606,4.7496,0.602392,0.283525,-0.404638,-0.11978,-0.757318,0.309322,-0.238081,0.523553,-0.0250629,0.0652753,-0.0124966
78.7,0.726794,5.39483,0.328473,-0.753396,1.24743,4.55042,-0.567384,-0.0146134,0.496465,-0.776752,0.260806,-0.203754,0.535836,1.12972,4.72968,0.596042,0.271479,-0.394114,-0.119588,-0.757364,0.310507,-0.23665,0.523434,-0.0215723,0.0387463,0.0293913
78.85,0.797329,5.40104,0.3157,-0.753861,1.24921,4.47967,0.247371,0.858631,0.672578,-0.774017,0.260731,-0.206496,0.538772,1.16693,4.67222,0.573906,0.226329,-0.368802,-0.195986,-0.75437,0.309462,-0.2408,0.526474,-0.0208741,-0.0129154,0.0440521
79.1,0.880269,5.35263,0.247256,-0.772343,1.23727,4.35808,-0.0565023,0.951329,-0.444009,-0.776113,0.26418,-0.207817,0.533545,1.21318,4.58556,0.508647,0.143496,-0.33119,-0.32933,-0.755001,0.312855,-0.242401,0.522816,-0.0320442,-0.121824,-0.0187797
79.3,0.915197,5.31631,0.163769,-0.747099,1.25681,4.31761,0.554553,-0.0735798,-0.752584,-0.78332,0.268526,-0.205364,0.52166,1.23823,4.52459,0.436776,0.1153,-0.267033,-0.382914,-0.762995,0.317695,-0.239369,0.50952,0.0133343,-0.141372,0.0510334
79.4,0.920453,5.29766,0.119964,-0.71873,1.28039,4.31791,0.197775,1.11029,-0.146084,-0.7842,0.269723,-0.204739,0.519963,1.25018,4.4997,0.397641,0.120935,-0.222173,-0.391612,-0.765157,0.319047,-0.238399,0.505876,0.000767945,-0.218864,0.0189194
79.55,0.930827,5.27962,0.0620676,-0.666253,1.3325,4.43782,0.949404,0.599239,0.184897,-0.790271,0.271656,-0.202805,0.510436,1.26948,4.47268,0.34585,0.145416,-0.121976,-0.285228,-0.774348,0.322514,-0.234242,0.491426,0.0189194,-0.180467,0.00774926
79.65,0.937503,5.27212,0.0337561,-0.640224,1.36922,4.51169,-0.101712,-0.490806,-1.14122,-0.790262,0.270894,-0.203505,0.510577,1.28499,4.46396,0.32164,0.164594,-0.042154,-0.218113,-0.776387,0.322743,-0.233509,0.488399,0.00705113,0.143466,-0.0460069
79.85,0.993914,5.29901,0.0207571,-0.607522,1.41441,4.44446,-0.827729,-0.28396,-1.92783,-0.773846,0.262439,-0.214201,0.535169,1.32336,4.47009,0.270995,0.192818,0.093377,-0.305874,-0.762992,0.31286,-0.246442,0.509145,-0.0117984,0.31381,-0.0878948
79.95,1.03005,5.31396,0.0209484,-0.638538,1.40066,4.40598,-0.610148,0.0939081,0.803716,-0.769516,0.256234,-0.222208,0.541121,1.34124,4.48088,0.237928,0.155918,0.12427,-0.361311,-0.757672,0.304984,-0.256601,0.516793,-0.036233,0.248884,-0.198898
80.05,1.06711,5.33582,0.0182081,-0.679288,1.38828,4.36017,-1.10347,0.242863,-0.39818,-0.768554,0.252702,-0.226685,0.542292,1.35434,4.49476,0.199275,0.10249,0.154415,-0.413736,-0.75525,0.299086,-0.264101,0.519997,-0.020176,-0.00174533,-0.0229685
80.25,1.16088,5.35178,-0.0100796,-0.743481,1.35629,4.30696,-0.740687,-0.872881,1.31103,-0.767127,0.261377,-0.213492,0.545545,1.36333,4.53287,0.108087,-0.010843,0.213401,-0.49373,-0.750392,0.304447,-0.255789,0.528012,0.0559203,-0.0366519,0.157848
80.4,1.23781,5.36379,-0.0181669,-0.772537,1.30055,4.38398,-0.100632,0.130616,2.68851,-0.767324,0.26549,-0.207777,0.545489,1.35631,4.56586,0.0374457,-0.093053,0.211337,-0.433667,-0.747941,0.308516,-0.250294,0.531747,0.0440521,-0.00872665,0.143187
80.55,1.17322,5.3546,-0.0121861,-0.775414,1.24732,4.50973,0.826787,-0.445218,0.401227,-0.769089,0.264089,-0.208914,0.543245,1.33777,4.59636,-0.0174883,-0.154581,0.200869,-0.316112,-0.746882,0.308984,-0.249151,0.533498,0.0300895,-0.021293,0.0154287
80.8,1.08747,5.33912,-0.00974435,-0.769661,1.18527,4.72024,1.48607,1.16899,1.89093,-0.772639,0.265933,-0.203916,0.539191,1.28879,4.64444,-0.0712223,-0.242085,0.178006,-0.132619,-0.748072,0.312631,-0.242013,0.532991,0.0642979,-0.0143117,0.0370708
81.15,0.984427,5.32936,0.00676979,-0.685255,1.06296,5.01734,0.652961,0.238605,2.26315,-0.768723,0.26751,-0.197634,0.5463,1.19572,4.69264,-0.0704153,-0.274618,0.075086,0.130931,-0.741831,0.317831,-0.230598,0.543595,-0.0111003,0.0010472,0.0210138
81.5,0.901646,5.27753,0.0637747,-0.669849,1.00377,4.92832,0.242104,-0.367543,0.398122,-0.778623,0.253593,-0.218154,0.530892,1.08908,4.69483,-0.0328383,-0.339254,-0.026256,0.020163,-0.750119,0.307914,-0.246506,0.530797,-0.0669508,-0.0499164,-0.136066
81.7,0.834908,5.25313,0.0839772,-0.676994,1.06832,4.82674,-0.249967,0.151143,0.758134,-0.786154,0.259907,-0.212642,0.518839,1.01588,4.69202,-0.0424093,-0.386015,0.014104,-0.096644,-0.758943,0.313078,-0.242739,0.516784,0.106884,-0.116937,0.178093
81.85,0.777817,5.23401,0.081317,-0.623605,1.10186,4.79969,-0.434115,-0.293753,0.856668,-0.780421,0.273612,-0.196521,0.526743,0.958406,4.69542,-0.0602273,-0.361247,0.038316,-0.135693,-0.754524,0.327509,-0.224937,0.522335,0.132715,0.13439,0.333777
82,0.722965,5.22106,0.0862589,-0.548594,1.08245,4.73375,0.9537,-0.647594,-1.66722,-0.776688,0.277515,-0.192982,0.531507,0.908361,4.69934,-0.0863213,-0.303683,0.012534,-0.207801,-0.750349,0.335035,-0.216178,0.527252,-0.0104022,-0.0945968,-0.057177
82.15,0.673374,5.20629,0.0710577,-0.489766,1.07276,4.73557,0.199186,-0.454281,-0.323304,-0.781364,0.277609,-0.194678,0.523931,0.867567,4.69888,-0.121593,-0.235657,-0.011706,-0.221792,-0.75553,0.338869,-0.212338,0.518898,0.0356745,-0.16441,0.162734
82.45,0.666959,5.1986,0.0156983,-0.341777,1.09105,4.82906,-0.301941,0.349963,0.711162,-0.785717,0.266491,-0.213062,0.51598,0.833174,4.6909,-0.165392,-0.008664,-0.03076,-0.156677,-0.764212,0.333447,-0.222503,0.505258,-0.165387,-0.0966912,-0.366449
82.8,0.714228,5.19218,-0.0692667,-0.339427,1.29413,4.69879,0.0640433,0.235671,-0.584016,-0.791678,0.258709,-0.224383,0.505933,0.849942,4.71725,-0.25769,0.108083,0.220124,-0.321095,-0.779897,0.320391,-0.239985,0.481162,-0.0397237,-0.0205949,-0.0816116
83.15,0.883617,5.22935,-0.0764775,-0.471002,1.49103,4.99539,-1.18145,-0.276949,0.730881,-0.778409,0.240034,-0.240886,0.527672,0.893766,4.86748,-0.332762,0.080988,0.628546,-0.084132,-0.773252,0.290314,-0.271878,0.493843,-0.0501957,0.33266,-0.0760265
83.35,0.761178,5.23917,-0.00383727,-0.606899,1.52864,5.11463,-0.818889,0.0264702,1.86908,-0.769771,0.24661,-0.222578,0.545065,0.895166,5.01002,-0.339499,-0.057009,0.782314,0.015984,-0.763208,0.290465,-0.263491,0.513533,0.145281,0.218864,0.175999
83.5,0.649368,5.22068,0.015496,-0.666978,1.47046,4.90591,0.0742055,-0.211914,0.154526,-0.768295,0.248936,-0.21126,0.550566,0.88005,5.12364,-0.348478,-0.142419,0.763151,-0.183383,-0.757101,0.291807,-0.254014,0.526426,0.118054,0.155334,0.0677886
83.75,0.631942,5.41559,-0.0579431,-0.731037,1.34116,4.82333,0.151395,-0.78377,1.14158,-0.769664,0.250431,-0.192541,0.554824,0.82954,5.31353,-0.419732,-0.269242,0.755566,-0.289303,-0.753318,0.291732,-0.23793,0.539252,0.155753,0.0338594,0.222076
83.9,0.623925,5.52295,-0.123297,-0.72323,1.24804,4.96483,-0.168616,-0.509003,2.32066,-0.775922,0.245272,-0.189715,0.549359,0.786847,5.42637,-0.455858,-0.3043,0.731767,-0.171295,-0.755639,0.290207,-0.230321,0.540131,0.0105418,-0.074351,-0.165387
84.1,0.604457,5.66411,-0.201701,-0.714979,1.20755,5.1036,-0.671735,-0.211838,1.82791,-0.783475,0.23821,-0.188259,0.542201,0.720622,5.57304,-0.479372,-0.350067,0.739284,-0.053751,-0.761438,0.284722,-0.227028,0.536286,0.0719774,-0.0987856,0.0559203
84.25,0.588034,5.77175,-0.257063,-0.71003,1.15984,5.22804,0.529621,0.147067,-0.0282847,-0.792564,0.237732,-0.183022,0.530875,0.664866,5.68172,-0.47946,-0.388272,0.713374,0.063875,-0.769185,0.286469,-0.218742,0.527676,0.048939,-0.147655,-0.00551524
84.5,0.485574,5.94856,-0.266262,-0.614328,1.1466,5.29618,0.62199,0.260984,0.372269,-0.786051,0.239332,-0.176632,0.541891,0.572777,5.86228,-0.4518,-0.338107,0.717401,0.126767,-0.763819,0.292372,-0.206207,0.537194,0.0272969,0.150447,0.0286932
84.65,0.446392,6.05765,-0.28298,-0.592719,1.10493,5.30716,-0.191697,0.785671,2.31454,-0.790356,0.229853,-0.191544,0.534618,0.524666,5.96733,-0.432709,-0.319913,0.673719,0.13225,-0.766896,0.285868,-0.217247,0.531934,-0.154915,0.0764454,-0.247767
84.9,0.31036,6.17896,-0.210366,-0.633035,1.1327,5.33824,0.0127426,0.12993,-0.966649,-0.788819,0.22641,-0.202526,0.53431,0.437096,6.13869,-0.394486,-0.375872,0.708127,0.167778,-0.767531,0.279398,-0.232863,0.527834,-0.0830079,0.0932006,-0.0243648
85.05,0.251592,6.28591,-0.174779,-0.653636,1.13501,5.34894,-0.145001,-0.130812,-0.61729,-0.781486,0.23847,-0.189889,0.544384,0.377044,6.24758,-0.368123,-0.418774,0.723491,0.172109,-0.758574,0.289688,-0.222882,0.539416,0.0936195,0.0527089,0.35123
85.25,0.1626,6.40498,-0.106018,-0.611094,1.06406,5.25405,0.152146,-0.950715,-0.0647818,-0.781398,0.244644,-0.184837,0.543509,0.293432,6.38632,-0.343928,-0.40949,0.650144,0.064003,-0.754243,0.299871,-0.212333,0.54416,-0.0446106,0.0464258,-0.113726
85.45,0.0935422,6.53617,-0.106267,-0.595042,1.03183,5.14756,-0.990154,1.19171,-1.18241,-0.780762,0.241603,-0.189244,0.544266,0.212188,6.51032,-0.342181,-0.414026,0.586455,-0.057807,-0.752639,0.296167,-0.218273,0.546055,0.043354,0.0303687,0.0615054
85.65,0.07182,6.65311,-0.174355,-0.564696,0.95159,5.22327,0.96747,-0.895957,0.69193,-0.783997,0.243317,-0.182704,0.541077,0.129922,6.61941,-0.352819,-0.407089,0.48405,-0.011695,-0.753207,0.300111,-0.20827,0.547025,0.0259007,-0.0471239,-0.0117984
85.85,0.0617499,6.75005,-0.244502,-0.55507,0.929535,5.38119,0.196283,0.319571,-0.93699,-0.794749,0.234482,-0.188996,0.526947,0.0494089,6.70721,-0.337709,-0.403776,0.411998,0.127734,-0.764985,0.292783,-0.21307,0.532614,-0.0166853,-0.232827,-0.166086
86.05,0.0862903,6.84175,-0.314304,-0.515139,0.979092,5.33423,0.503234,-1.13435,-0.755474,-0.801146,0.241367,-0.1747,0.519025,-0.0281921,6.7927,-0.314165,-0.368543,0.433717,0.062943,-0.775162,0.300017,-0.1973,0.519794,0.181584,-0.221657,0.367985
86.3,0.0168468,6.94493,-0.355214,-0.3735,1.01928,5.28685,0.214008,-0.387276,-0.521137,-0.790448,0.231913,-0.184908,0.535927,-0.0970031,6.90392,-0.308041,-0.198075,0.447065,-0.007814,-0.768318,0.296973,-0.198988,0.530941,-0.0585732,0.369661,-0.33992
86.45,0.0522572,6.99329,-0.395594,-0.405,1.02206,5.21085,0.292433,0.402147,-0.436156,-0.783484,0.22022,-0.198804,0.546015,-0.125344,6.97005,-0.314888,-0.204514,0.436049,-0.093494,-0.762512,0.281807,-0.218705,0.539749,0.0182212,0.191637,-0.165387
86.6,0.0877445,7.05101,-0.425318,-0.459969,1.00881,5.1707,-0.25497,0.244267,0.971881,-0.786484,0.220199,-0.19701,0.542349,-0.158419,7.03382,-0.332588,-0.246005,0.414363,-0.144946,-0.764396,0.278944,-0.220829,0.537702,0.0314857,-0.193732,-0.0111003
86.7,0.107855,7.0879,-0.454477,-0.472423,1.0226,5.1794,-0.276456,0.246176,0.00085289,-0.791378,0.224611,-0.190013,0.535879,-0.183648,7.07585,-0.347169,-0.254374,0.42487,-0.139341,-0.769651,0.282514,-0.214612,0.530815,0.02241,-0.189543,0.114563
87,0.068372,7.21698,-0.516097,-0.437936,1.02199,5.40112,-0.876209,-0.529998,0.198061,-0.793799,0.23396,-0.177388,0.532616,-0.254021,7.20636,-0.352709,-0.197155,0.431122,0.059658,-0.771208,0.293997,-0.198831,0.528461,-0.062762,-0.0408407,0.0419577
87.35,0.126391,7.33545,-0.610722,-0.393891,1.05299,5.21663,-0.234718,0.572876,0.582638,-0.791942,0.230217,-0.191735,0.53204,-0.307524,7.35879,-0.368825,-0.116339,0.457463,-0.158906,-0.771687,0.292204,-0.210978,0.524027,-0.00481711,-0.144164,-0.0320442
87.55,0.175542,7.41435,-0.65836,-0.405064,1.08017,5.16526,-0.663567,0.554704,0.236743,-0.791424,0.232921,-0.197262,0.529608,-0.329056,7.4532,-0.407999,-0.106382,0.487349,-0.227987,-0.771579,0.293183,-0.218571,0.520515,-0.0739321,0.0338594,0.142489
88.1,0.035719,7.68977,-0.509259,-0.545401,1.1756,5.33165,-0.866194,-0.549415,3.00504,-0.781829,0.230783,-0.213934,0.538252,-0.400154,7.76631,-0.528597,-0.22116,0.681613,-0.094361,-0.762929,0.282114,-0.248682,0.52584,0.0531278,0.139975,0.157149
88.35,-0.105317,7.71711,-0.3974,-0.625154,1.10016,5.37196,-0.950057,0.244032,-0.153812,-0.777718,0.24436,-0.197146,0.544588,-0.474978,7.93212,-0.536287,-0.354086,0.64043,-0.042483,-0.754228,0.293129,-0.235629,0.538233,0.0342783,-0.0324631,0.0733736
88.65,-0.29168,7.80799,-0.323934,-0.624906,1.04259,5.2581,0.189928,-0.576864,0.958605,-0.777257,0.243367,-0.199374,0.544881,-0.595096,8.11369,-0.567752,-0.449363,0.586027,-0.170485,-0.750025,0.293454,-0.236332,0.543594,0.00356047,0.0548033,-0.0383274
88.7,-0.325994,7.79338,-0.315589,-0.62789,1.03138,5.24984,-0.227591,0.222389,0.929264,-0.77579,0.242681,-0.199932,0.547068,-0.618336,8.14268,-0.576723,-0.469714,0.571395,-0.185015,-0.748026,0.292427,-0.237387,0.546434,-0.0425162,0.225147,-0.0152891
89.05,-0.571764,7.76026,-0.215268,-0.666418,0.877122,5.46687,0.953498,-0.0539052,1.31607,-0.769195,0.260523,-0.167382,0.558972,-0.820716,8.31351,-0.614425,-0.677538,0.357943,-0.020507,-0.734138,0.308147,-0.206768,0.568625,0.242322,-0.299848,0.647238
89.25,-0.669898,7.70035,-0.140491,-0.49834,0.742354,5.62767,0.510799,-1.81162,2.40506,-0.777618,0.266822,-0.154087,0.548063,-0.947523,8.36466,-0.603668,-0.585757,0.151145,0.116093,-0.738709,0.323152,-0.179901,0.563487,0.12713,-0.121126,0.134809
89.4,-0.752542,7.68496,-0.134088,-0.375209,0.646626,5.63327,0.898009,-0.965614,-2.95906,-0.772124,0.264155,-0.14334,0.559911,-1.02863,8.37468,-0.582938,-0.488219,-0.02391,0.119987,-0.730444,0.32526,-0.161533,0.578415,0.220679,0.193033,0.187867
89.75,-0.87425,7.62282,-0.0624517,-0.0478553,0.389713,5.73999,1.67485,-0.229989,1.91235,-0.787675,0.229677,-0.115305,0.55993,-1.14268,8.27407,-0.556968,-0.114458,-0.567405,0.155824,-0.739832,0.304124,-0.114058,0.589193,0.384042,-0.0408407,-0.0809135
89.95,-0.985083,7.52547,-0.0542199,0.120835,0.320035,5.83444,0.863621,-0.20517,-0.901728,-0.800188,0.186784,-0.0976963,0.561485,-1.1373,8.13249,-0.515096,0.156956,-0.839725,0.211452,-0.751863,0.26832,-0.0862001,0.596051,0.554386,0.00872665,-0.0208741
90.15,-1.08493,7.34493,-0.0263748,0.27819,0.2583,5.9542,1.16405,-0.25331,0.588929,-0.806508,0.14348,-0.0581922,0.570588,-1.0776,7.93713,-0.47496,0.465789,-1.13029,0.265434,-0.755935,0.230131,-0.0375771,0.611711,0.656314,0.047822,-0.229616
90.3,-1.04831,7.13284,-0.00800571,0.406573,0.216837,6.12251,1.13497,-0.0985723,-1.05507,-0.815323,0.0920615,-0.0457478,0.569808,-0.985742,7.74793,-0.42572,0.751874,-1.38067,0.383293,-0.766189,0.182392,-0.0192175,0.615888,0.522272,-0.220261,-0.393676
90.45,-1.01776,6.87179,0.0447674,0.473005,0.232834,6.20643,0.287034,-0.191267,0.0854696,-0.829155,0.0443184,-0.0492818,0.555076,-0.853009,7.52369,-0.362765,0.998094,-1.58286,0.427534,-0.785471,0.136236,-0.0185295,0.603433,0.196943,-0.397586,-0.586361
90.6,-0.892999,6.60972,0.114008,0.389429,0.362264,6.16164,-0.694595,0.093209,-0.974489,-0.843317,-0.00353792,-0.0643094,0.533543,-0.694242,7.27912,-0.299341,1.08416,-1.64011,0.390302,-0.810601,0.0829651,-0.0412965,0.57822,0.230453,-0.357792,-0.62406
90.7,-0.781064,6.44516,0.124051,0.294054,0.497728,6.08273,-0.461558,1.6193,-1.13189,-0.851519,-0.0222572,-0.0607034,0.520322,-0.585524,7.11606,-0.263275,1.0822,-1.61305,0.32512,-0.824068,0.0594164,-0.0417956,0.561814,0.314229,-0.398284,-0.28407
90.85,-0.580603,6.2411,0.0863712,0.159333,0.740629,5.99821,-1.36029,1.23206,0.0445884,-0.860346,-0.0346463,-0.051482,0.505919,-0.422584,6.88193,-0.21996,1.07925,-1.49736,0.255573,-0.839364,0.0414333,-0.0364395,0.540763,0.16832,-0.24679,-0.125594
91,-0.410999,6.03548,0.0475153,0.0281336,1.02741,5.9329,0.00978406,2.03216,-2.21987,-0.864671,-0.0380794,-0.0468081,0.498702,-0.261445,6.6689,-0.185178,1.06262,-1.33052,0.216915,-0.848851,0.0335071,-0.0357201,0.526359,0.0566185,-0.247488,0.0175231
91.15,-0.260487,5.85269,-0.00948321,-0.122482,1.37892,6.06574,-1.35166,2.45492,1.46644,-0.870206,-0.0384685,-0.0505123,0.48858,-0.103817,6.48813,-0.142866,1.03517,-1.05832,0.35742,-0.86021,0.0298847,-0.0423279,0.507301,-0.167482,-0.144164,-0.239389
91.3,-0.106839,5.70719,-0.0220999,-0.321849,1.7014,6.16798,-1.77646,2.40752,-0.90118,-0.864978,-0.0453181,-0.0643607,0.495597,0.0453459,6.35155,-0.0793693,0.939965,-0.771968,0.479082,-0.860245,0.0191,-0.0625864,0.505664,-0.142349,-0.010821,-0.212162
91.5,0.0699576,5.56944,0.0100284,-0.587172,2.05921,6.09373,-1.84641,1.14861,0.0696662,-0.853466,-0.0466863,-0.0727898,0.513924,0.216255,6.23557,0.0133867,0.764188,-0.40902,0.40592,-0.854187,0.011018,-0.0814354,0.513431,-0.139557,0.290772,-0.263824
91.7,0.170511,5.47903,0.077317,-0.853999,2.23516,5.80732,-0.713089,-0.139039,-0.458324,-0.824685,-0.0369909,-0.0587038,0.561319,0.345004,6.17856,0.0680357,0.525481,-0.196628,0.105884,-0.82819,0.010414,-0.0832388,0.554133,0.0999026,0.603535,0.285606
91.9,0.233729,5.42582,0.131609,-0.97292,2.2339,5.42525,-0.0533921,0.150754,-2.4124,-0.817708,-0.0125907,-0.0240669,0.574992,0.434868,6.14287,0.0473927,0.382943,-0.175432,-0.291731,-0.817901,0.0290913,-0.0573835,0.571751,0.151564,-0.206996,0.229057
92.2,0.207125,5.51016,0.0515312,-1.04768,2.26393,5.63935,-1.04389,-0.52357,1.2806,-0.824004,-0.0369569,0.00459001,0.565358,0.523424,6.09939,-0.0196983,0.212927,-0.099529,-0.127413,-0.826443,0.000286259,-0.0357519,0.561883,0.273039,-0.188146,-0.20937
92.5,0.223495,5.49098,0.0848311,-1.07762,2.39686,5.88661,-0.458549,0.916056,0.136954,-0.836946,-0.0678824,0.0218577,0.54262,0.564583,6.09356,-0.0237593,0.057721,0.102211,0.079491,-0.846574,-0.0317318,-0.0186295,0.530998,0.104091,-0.0994838,-0.109537
92.9,0.174575,5.59401,0.0959452,-1.11568,2.46326,5.82078,-0.119966,-0.38922,-0.539969,-0.811829,-0.0755288,0.0341426,0.577982,0.545219,6.20647,-0.0211793,-0.158566,0.381485,-0.038749,-0.826075,-0.0438691,-0.0110678,0.561741,0.0517316,0.322886,-0.0243648
93.4,0.0383138,5.76163,0.233821,-1.11462,2.31022,5.73769,0.819138,-0.256707,-1.7949,-0.812714,-0.0711909,0.0434418,0.576663,0.399163,6.41641,-0.0375243,-0.411722,0.430195,-0.152731,-0.818739,-0.0397796,-0.00237826,0.572781,0.0733736,0.154636,0.148772
93.75,-0.129599,5.9019,0.295242,-0.965597,2.23174,5.55654,-0.0648867,-0.388203,0.695925,-0.813278,-0.0800402,0.0761372,0.571293,0.247434,6.55929,-0.128132,-0.403621,0.386783,-0.355787,-0.815267,-0.0401796,0.0412841,0.576212,0.23185,-0.0136136,-0.0355349
93.95,-0.229659,5.97037,0.240766,-0.856126,2.20962,5.5273,-0.132584,0.273407,1.23447,-0.821342,-0.100224,0.0762186,0.556367,0.173894,6.63609,-0.207886,-0.326178,0.378097,-0.409236,-0.821784,-0.0543058,0.0510983,0.564898,0.0936195,-0.308225,-0.0320442
94.2,-0.292523,5.96419,0.0975263,-0.782973,2.32222,5.7981,0.656591,0.410992,1.26423,-0.833209,-0.113259,0.0720581,0.536417,0.102558,6.75047,-0.287478,-0.244814,0.5533,-0.187941,-0.839295,-0.0637255,0.0531758,0.537304,-0.0529882,-0.0980875,-0.106046
94.25,-0.299956,5.98438,0.0731658,-0.778096,2.35668,5.84776,-0.339099,-0.155139,1.10024,-0.832945,-0.116356,0.068071,0.536685,0.0906939,6.7795,-0.296021,-0.231,0.604911,-0.146399,-0.840354,-0.0666307,0.0494062,0.535654,-0.105348,-0.0876155,-0.240087
94.6,-0.329536,6.24994,-0.0210236,-0.947464,2.50567,6.05096,-0.468425,-0.24282,1.39312,-0.810537,-0.133899,0.0546782,0.567549,-0.0103741,7.04414,-0.300594,-0.398327,0.842359,0.030465,-0.824862,-0.0933719,0.0232947,0.557084,0.158546,0.251676,-0.135368
94.7,-0.369198,6.33103,-0.0104458,-0.982781,2.47583,5.9883,-0.479237,-0.0395172,-0.329041,-0.802917,-0.140697,0.0615892,0.575965,-0.0532551,7.12424,-0.298553,-0.458489,0.804985,-0.018141,-0.815885,-0.104457,0.0253484,0.568135,0.153659,0.148353,-0.170972
94.95,-0.518884,6.51077,0.0193221,-1.04389,2.33406,5.86089,0.375314,-0.117669,1.40276,-0.793004,-0.155802,0.0980812,0.580733,-0.18844,7.31637,-0.318822,-0.618288,0.730599,-0.156011,-0.800544,-0.125136,0.0550049,0.583476,0.50063,0.209789,0.340758
95.05,-0.60158,6.55988,0.0333277,-1.00683,2.27793,5.78633,0.459958,-0.0613997,-0.307671,-0.794054,-0.158858,0.125729,0.573092,-0.251095,7.38803,-0.338439,-0.624229,0.692786,-0.231356,-0.7993,-0.126344,0.0867652,0.581058,0.543216,-0.109956,0.341456
95.25,-0.756637,6.64868,-0.0229417,-0.872735,2.25943,5.73601,0.140904,0.465224,1.6868,-0.796475,-0.192774,0.150488,0.553009,-0.369287,7.52284,-0.392777,-0.542693,0.667695,-0.298099,-0.801646,-0.154469,0.121651,0.564539,0.303059,-0.107163,-0.498396
95.35,-0.839386,6.67155,-0.052147,-0.847089,2.25818,5.71512,-0.338273,0.228946,0.78184,-0.791578,-0.222088,0.14659,0.550084,-0.422992,7.58904,-0.423705,-0.529166,0.657992,-0.325119,-0.797602,-0.183877,0.119693,0.561866,0.31004,-0.0799361,-0.499792
95.45,-0.913244,6.70224,-0.0950325,-0.863008,2.24181,5.72234,-0.521714,-1.24247,2.27523,-0.786003,-0.251997,0.144671,0.54568,-0.476709,7.654,-0.457325,-0.55514,0.64011,-0.331297,-0.792811,-0.216104,0.116537,0.557824,0.391722,-0.130202,-0.46698
95.55,-0.993829,6.73278,-0.123967,-0.903782,2.22274,5.79221,-1.38049,-0.283935,-0.459379,-0.777333,-0.277814,0.1488,0.544455,-0.53475,7.71736,-0.48701,-0.609335,0.617795,-0.264624,-0.78456,-0.245948,0.117561,0.556915,0.395212,-0.0198968,-0.376223
95.75,-1.15676,6.79474,-0.1733,-0.984172,2.19694,5.96956,-0.689272,-0.321333,3.04302,-0.768359,-0.301879,0.19026,0.531313,-0.670047,7.83165,-0.525122,-0.741486,0.561169,-0.108058,-0.776113,-0.276567,0.153132,0.545628,0.430817,0.031765,0.0929213
96,-1.38188,6.86387,-0.180831,-0.926248,2.20696,6.14203,0.139791,0.039813,2.06611,-0.762982,-0.311414,0.224039,0.520275,-0.860711,7.97005,-0.527634,-0.757868,0.53885,0.063039,-0.771007,-0.28398,0.192747,0.536425,0.238133,-0.0541052,0.0691849
96.3,-1.62445,6.98559,-0.154706,-0.839767,2.23299,5.80045,-0.0285388,0.030159,-1.125,-0.755447,-0.32867,0.214345,0.524721,-1.07809,8.1332,-0.549229,-0.709299,0.543533,-0.27181,-0.763517,-0.297004,0.189911,0.541077,-0.0557807,0.0394444,-0.155614
96.45,-1.73819,7.06394,-0.173358,-0.850253,2.18995,5.82887,-0.900107,-0.587767,0.858945,-0.748847,-0.33154,0.215523,0.531845,-1.18564,8.21137,-0.591001,-0.729053,0.484744,-0.250461,-0.755752,-0.301435,0.188418,0.549978,0.125734,0.285885,-0.0606676
96.75,-1.96223,7.16741,-0.153997,-0.777747,2.07636,6.07117,0.225244,-0.275932,2.9395,-0.728144,-0.349034,0.253264,0.532765,-1.40188,8.32563,-0.62925,-0.679568,0.275883,-0.025823,-0.729359,-0.321157,0.224472,0.560808,0.379155,0.03735,0.0629017
96.95,-2.09425,7.17958,-0.164904,-0.682602,2.03879,6.17113,0.531502,0.211686,1.76085,-0.726798,-0.376461,0.280447,0.501389,-1.5279,8.36778,-0.623257,-0.571047,0.154564,0.064184,-0.726134,-0.346153,0.257625,0.535291,0.602557,-0.246091,0.159942
97.15,-2.14645,7.08459,-0.17596,-0.627143,2.14932,6.21808,0.461781,0.783418,-0.639559,-0.718192,-0.414211,0.304122,0.469189,-1.63045,8.39987,-0.605275,-0.466409,0.190067,0.104321,-0.722406,-0.380708,0.290079,0.499044,0.522272,-0.00383972,-0.167482
97.3,-2.17411,7.15331,-0.180922,-0.611648,2.24474,6.14155,0.413605,0.437956,-1.52101,-0.698586,-0.443159,0.308925,0.469205,-1.6957,8.43397,-0.595665,-0.405736,0.255195,0.01837,-0.706188,-0.409243,0.298239,0.494846,0.266058,0.0324631,-0.365053
97.6,-2.30634,7.13448,-0.216397,-0.663079,2.27521,6.25667,0.798501,0.435001,0.604558,-0.670016,-0.481027,0.32791,0.460616,-1.80954,8.51189,-0.587592,-0.3678,0.253239,0.10613,-0.680482,-0.451419,0.313724,0.484503,0.34006,-0.0282743,-0.159104
97.8,-2.39495,7.15248,-0.228801,-0.683254,2.27956,6.31717,0.106189,0.427104,-2.00644,-0.647923,-0.509207,0.347047,0.44773,-1.88032,8.55982,-0.555623,-0.341652,0.235203,0.164453,-0.658903,-0.482294,0.33156,0.472554,0.359608,0.0247837,-0.388091
97.85,-2.40886,7.16823,-0.235301,-0.696936,2.26682,6.30073,-1.52813,-0.497613,-1.94042,-0.639596,-0.518353,0.350049,0.44687,-1.89739,8.57122,-0.547688,-0.341903,0.21983,0.146421,-0.650161,-0.493512,0.333364,0.471811,0.402194,-0.00663225,-0.428583
97.95,-2.44888,7.17816,-0.240586,-0.709938,2.25288,6.23157,0.231684,-0.14022,0.246202,-0.620735,-0.540952,0.352409,0.444823,-1.93145,8.5922,-0.536374,-0.340768,0.190789,0.066477,-0.63047,-0.5186,0.334704,0.470675,0.372872,-0.220261,-0.488622
98.05,-2.47658,7.20002,-0.255626,-0.729839,2.21012,6.16191,-0.34787,0.0365392,-1.53487,-0.604427,-0.559153,0.3558,0.442066,-1.96572,8.6089,-0.53218,-0.343096,0.129546,0.001433,-0.612423,-0.540788,0.334362,0.469775,0.3624,-0.0164061,-0.459301
98.15,-2.501,7.22411,-0.26594,-0.748466,2.15438,6.13268,0.612476,0.123101,0.120772,-0.592769,-0.570294,0.36699,0.434406,-2.00036,8.61783,-0.534015,-0.350202,0.044584,-0.036538,-0.598887,-0.55621,0.3414,0.464124,0.430119,0.155334,-0.147236
98.35,-2.55138,7.26549,-0.295172,-0.75656,2.09453,6.07113,0.295333,0.587218,-0.25878,-0.574729,-0.579677,0.410549,0.406339,-2.06926,8.61076,-0.551551,-0.330661,-0.107602,-0.111441,-0.577667,-0.570956,0.381256,0.441535,0.629086,0.250978,0.120847
98.55,-2.60107,7.2218,-0.28539,-0.738749,2.16588,6.20244,-0.938657,0.0732994,1.41124,-0.548613,-0.597915,0.444984,0.378828,-2.12943,8.58412,-0.563581,-0.267609,-0.139762,-0.000358,-0.55338,-0.588363,0.421475,0.41226,0.527857,-0.0115192,-0.0718378
98.75,-2.63375,7.17884,-0.280725,-0.704086,2.26989,6.35271,0.3323,0.253061,-0.798464,-0.520896,-0.625089,0.456474,0.359948,-2.17431,8.55821,-0.547806,-0.183153,-0.106721,0.139037,-0.52872,-0.612894,0.440024,0.388836,0.290493,-0.132994,-0.089291
98.8,-2.64104,7.1688,-0.282895,-0.696166,2.28946,6.38355,-0.271164,0.0868656,-0.0882212,-0.517368,-0.630126,0.456842,0.355763,-2.18292,8.55296,-0.540258,-0.159365,-0.099648,0.163604,-0.525317,-0.617902,0.441574,0.383733,0.280021,-0.0555015,-0.106744
99.15,-2.68069,7.11643,-0.188586,-0.682776,2.35683,6.66493,-0.225969,-0.530867,-0.0277211,-0.487457,-0.64504,0.456468,0.371411,-2.22218,8.52785,-0.435199,-0.04654,-0.068683,0.414111,-0.497283,-0.631679,0.444017,0.395651,-0.147934,-0.00453786,-0.314788
99.3,-2.71756,7.12401,-0.13657,-0.62836,2.30024,6.63674,1.06875,-1.09972,-1.09413,-0.4823,-0.650883,0.446437,0.380043,-2.22173,8.51258,-0.372834,0.052191,-0.145008,0.374884,-0.487454,-0.637754,0.43229,0.410833,-0.0355349,-0.0289725,-0.0320442
99.55,-2.73783,7.11341,-0.0391844,-0.576269,2.20998,6.49272,-0.410003,0.771363,-1.4368,-0.486918,-0.652775,0.438304,0.380376,-2.18889,8.45544,-0.297575,0.211599,-0.317205,0.208123,-0.485536,-0.640564,0.420949,0.420398,-0.0460069,-0.200015,-0.129783
99.65,-2.69598,7.11296,-0.0606568,-0.576571,2.15659,6.45424,0.168106,-0.623664,-1.11693,-0.489745,-0.653584,0.434118,0.380157,-2.16537,8.41938,-0.278631,0.258159,-0.409069,0.15842,-0.487177,-0.643487,0.412952,0.421965,-0.073234,-0.0596903,-0.0278555
99.9,-2.56384,7.03343,-0.0591584,-0.605866,2.07183,6.37321,-0.82128,-0.877115,1.58645,-0.509178,-0.641504,0.445691,0.361344,-2.08818,8.28808,-0.254369,0.35019,-0.630481,0.042326,-0.50389,-0.635716,0.418958,0.407964,0.100601,-0.129503,0.391722
100,-2.50497,6.98717,-0.0543006,-0.631375,2.1029,6.33322,-0.278579,0.182453,-1.74248,-0.519071,-0.634996,0.45306,0.349401,-2.05201,8.22241,-0.251409,0.37179,-0.671968,0.005852,-0.516514,-0.628542,0.428572,0.393032,0.136904,-0.124617,0.515989
100.1,-2.43727,6.95007,-0.0625732,-0.670549,2.16314,6.27444,0.301411,0.761995,0.0540174,-0.528882,-0.634777,0.452243,0.335886,-2.01439,8.15455,-0.254265,0.374245,-0.672289,-0.061537,-0.530492,-0.625845,0.431792,0.374769,0.0608073,-0.331263,0.186471
100.15,-2.40732,6.93068,-0.0763843,-0.706833,2.19358,6.2386,-0.0137517,1.08911,-0.441983,-0.530399,-0.637411,0.448143,0.333996,-1.99623,8.1211,-0.258108,0.356994,-0.664654,-0.09842,-0.534773,-0.628113,0.427987,0.369214,0.0182212,-0.323584,0.0615054
100.35,-2.31388,6.84789,-0.149699,-0.882183,2.29216,6.26346,-0.114978,-0.549552,0.0455249,-0.521469,-0.64361,0.439755,0.347062,-1.93543,7.99155,-0.280044,0.234328,-0.640549,-0.083969,-0.534233,-0.635334,0.417373,0.369791,-0.101159,0.357094,-0.239389
100.45,-2.27569,6.80568,-0.10944,-0.926314,2.31358,6.30975,-0.268845,0.411087,1.13861,-0.511783,-0.640032,0.445558,0.360439,-1.91299,7.92594,-0.287328,0.204311,-0.661229,-0.045008,-0.524796,-0.631895,0.423298,0.382252,-0.0725359,0.27262,-0.0641583
100.75,-2.30979,6.59588,-0.0761085,-0.924324,2.37892,6.408,-0.283048,-0.109596,-0.469393,-0.502025,-0.636422,0.454594,0.369165,-1.84711,7.72133,-0.278103,0.239806,-0.68043,0.04318,-0.516368,-0.62589,0.435837,0.389451,-0.000628319,0.0485202,-0.0320442
100.9,-2.24037,6.51452,-0.052748,-0.92034,2.3852,6.35555,-0.470533,-0.72946,0.993314,-0.498718,-0.639073,0.453489,0.370423,-1.8096,7.61849,-0.277129,0.260953,-0.695367,-0.023203,-0.512901,-0.627982,0.43543,0.391116,0.0265988,0.00523599,0.00216421
101.2,-2.16699,6.29889,-0.0216355,-0.897535,2.40251,6.54329,0.799314,0.265427,0.0837997,-0.496928,-0.64075,0.456643,0.366031,-1.72419,7.40528,-0.267276,0.321167,-0.71942,0.140111,-0.511358,-0.627798,0.441379,0.386739,0.0635998,-0.0764454,0.0985064
101.35,-2.15776,6.18127,0.00645243,-0.888951,2.43205,6.56069,-0.0168333,0.0249082,-1.4552,-0.498521,-0.643629,0.454362,0.361626,-1.67306,7.29817,-0.242356,0.357524,-0.709132,0.15253,-0.513125,-0.628597,0.442092,0.382261,0.0363727,-0.130202,0.0845437
101.6,-1.97555,6.2315,0.057728,-0.970918,2.46587,6.46394,-0.741477,0.255733,0.968812,-0.502413,-0.64884,0.445829,0.357525,-1.58663,7.1235,-0.222997,0.315814,-0.683084,0.035006,-0.522252,-0.634107,0.433269,0.370727,-0.0655546,0.128805,-0.0543845
101.75,-1.90306,6.14596,0.0711312,-0.992534,2.46625,6.4169,-0.522494,0.969945,-0.224072,-0.495566,-0.643033,0.451255,0.370529,-1.54045,7.02046,-0.221676,0.302757,-0.689193,-0.017989,-0.516487,-0.629679,0.436556,0.382314,-0.0669508,0.285885,-0.142349
101.9,-1.83142,6.06489,0.107279,-0.976791,2.46499,6.47064,1.4119,0.64388,2.63967,-0.495924,-0.637918,0.455603,0.373558,-1.4934,6.91661,-0.225116,0.318586,-0.684746,0.016705,-0.515666,-0.624035,0.441307,0.387191,-0.0641583,0.100182,0.141092
101.95,-1.80402,6.04116,0.118817,-0.971388,2.45511,6.48903,0.95448,-1.23466,0.00604469,-0.496216,-0.636159,0.457224,0.374189,-1.47696,6.88233,-0.223814,0.327235,-0.689529,0.037703,-0.515679,-0.62212,0.442645,0.388724,-0.0111003,0.11205,-0.0341386
102.3,-1.64302,5.82791,0.206149,-0.915945,2.42694,6.49417,-0.37429,-0.0393452,-2.43899,-0.496285,-0.638824,0.45115,0.37692,-1.34438,6.63657,-0.191483,0.424647,-0.736144,0.031039,-0.513023,-0.6239,0.437238,0.395449,0.0719774,-0.0589921,0.102695
102.45,-1.55148,5.73799,0.2302,-0.90766,2.42298,6.43884,-0.458268,0.215269,-0.859132,-0.499385,-0.639116,0.453223,0.369776,-1.27787,6.52423,-0.191842,0.459824,-0.760949,-0.037047,-0.515405,-0.624165,0.439346,0.389552,0.0999026,0.0010472,0.043354
102.65,-1.41687,5.62178,0.21584,-0.930146,2.44477,6.38216,-0.560978,0.162917,-0.116833,-0.497469,-0.640787,0.454571,0.367806,-1.18383,6.37348,-0.208038,0.474535,-0.746651,-0.116146,-0.51539,-0.625327,0.441707,0.385012,0.0286932,-0.0240855,0.00356047
102.9,-1.23841,5.49241,0.184122,-0.955328,2.46518,6.39935,-0.880012,-0.0162045,0.367541,-0.49929,-0.645493,0.451331,0.361037,-1.06092,6.19175,-0.246209,0.493218,-0.707081,-0.132877,-0.518495,-0.629489,0.439436,0.376567,0.0105418,-0.0610865,0.0615054
103.15,-1.0509,5.39644,0.167132,-1.04199,2.47093,6.6188,-0.92067,-0.231783,0.261019,-0.49447,-0.646144,0.454763,0.362199,-0.941282,6.01783,-0.256144,0.438078,-0.685869,0.061254,-0.518197,-0.632726,0.439441,0.371513,0.0440521,0.0178024,-0.014591
103.45,-0.915594,5.21135,0.254947,-1.02434,2.48187,6.78999,0.768945,0.150742,-1.35627,-0.486716,-0.647089,0.459896,0.364524,-0.809459,5.81686,-0.206038,0.446132,-0.654399,0.207734,-0.510629,-0.631553,0.447678,0.374143,0.0419577,0.0911062,-0.0215723
103.65,-0.79409,5.1217,0.301024,-1.01131,2.49446,6.68132,0.398193,0.341933,0.745302,-0.485746,-0.64519,0.465723,0.361777,-0.718838,5.69035,-0.179439,0.459562,-0.614218,0.072302,-0.509062,-0.629451,0.45385,0.37238,0.0608073,0.0296706,0.115262
103.85,-0.67831,5.02664,0.313703,-0.986169,2.53383,6.58049,1.29238,0.777331,-0.751702,-0.484953,-0.644778,0.46803,0.360596,-0.624402,5.57339,-0.177581,0.487416,-0.55292,-0.045677,-0.509033,-0.626769,0.459175,0.37041,-0.00481711,0.0645772,-0.0683471
104.15,-0.501654,4.89423,0.310442,-0.947504,2.5639,6.54999,-0.352721,-0.955128,2.96077,-0.479808,-0.65297,0.455988,0.368089,-0.467409,5.42225,-0.213108,0.557371,-0.463718,-0.11479,-0.503187,-0.632743,0.450087,0.379291,-0.0858004,-0.0178024,-0.128386
104.4,-0.337352,4.80701,0.314961,-0.945334,2.51607,6.73616,-0.826064,-0.187217,0.231914,-0.485663,-0.65597,0.447228,0.365817,-0.323715,5.30412,-0.217576,0.59218,-0.477174,0.060931,-0.506438,-0.637775,0.437917,0.380779,-0.0802153,-0.0841249,-0.126292
104.9,-0.0934721,4.50286,0.311884,-0.992512,2.45658,6.60829,0.365269,0.724693,1.85246,-0.493,-0.64657,0.452332,0.366461,-0.0316821,5.04599,-0.20895,0.579118,-0.545212,-0.107597,-0.512354,-0.633226,0.435334,0.383409,-0.00760964,-0.0275762,-0.0313461
105.05,0.0179312,4.45293,0.316189,-0.999617,2.43252,6.55118,-1.10197,-0.97528,0.286545,-0.491254,-0.646805,0.451833,0.368999,0.0551559,4.96272,-0.230089,0.583606,-0.574868,-0.174733,-0.509988,-0.633444,0.434612,0.387006,0.0642979,-0.0561996,0.123639
105.2,0.129134,4.3933,0.331924,-0.994199,2.43967,6.61492,0.20157,0.354889,-0.250835,-0.497588,-0.647195,0.452714,0.358601,0.144247,4.87559,-0.255398,0.600213,-0.58818,-0.122715,-0.515831,-0.632606,0.43714,0.377673,0.0894307,-0.0457276,0.113865
105.5,0.330262,4.26938,0.278334,-1.07334,2.47521,6.84825,-0.707361,0.252443,-0.304234,-0.49805,-0.644913,0.455307,0.358789,0.314332,4.70313,-0.258872,0.533417,-0.557459,0.08841,-0.521591,-0.631758,0.437758,0.370395,6.98132e-05,0.0310669,-0.0641583
105.55,0.363808,4.25131,0.284142,-1.07014,2.48371,6.83911,0.912312,-0.350366,-0.60304,-0.498453,-0.645581,0.454147,0.358497,0.340938,4.67558,-0.254543,0.531262,-0.545758,0.075979,-0.521959,-0.632239,0.436813,0.370171,-0.0404218,-0.124617,0.0231082
105.8,0.507943,4.14743,0.247673,-1.12111,2.50202,6.72174,0.0820684,-0.502909,1.641,-0.496871,-0.647335,0.452648,0.359425,0.465984,4.54422,-0.253474,0.464872,-0.511096,-0.072231,-0.522208,-0.634613,0.434392,0.368603,-0.0313461,0.058294,0.000767945
105.9,0.568481,4.11414,0.24543,-1.14346,2.49862,6.73316,-1.1234,0.43849,2.00301,-0.49565,-0.646399,0.454903,0.35995,0.511344,4.49269,-0.261568,0.433449,-0.514355,-0.072628,-0.52126,-0.633869,0.436195,0.369094,0.0182212,0.0729548,-0.00970403
106.15,0.717264,4.05214,0.248608,-1.14833,2.52481,6.92019,0.664514,1.73945,2.34967,-0.493176,-0.642828,0.461877,0.360858,0.614414,4.36872,-0.261591,0.3889,-0.477005,0.082554,-0.519001,-0.630587,0.442732,0.370118,0.0363727,0.0268781,0.0712792
106.2,0.744695,4.03889,0.253729,-1.15496,2.52717,6.95942,-0.186076,-0.515729,-0.109664,-0.49387,-0.642065,0.463024,0.359798,0.633694,4.34513,-0.256508,0.377173,-0.467137,0.122685,-0.519394,-0.629953,0.443545,0.369671,-0.0271573,-0.0185005,-0.0320442
106.6,0.913414,3.88938,0.29921,-1.13414,2.56669,6.8309,0.0902145,1.03019,0.125126,-0.487651,-0.643047,0.463936,0.365309,0.783039,4.17244,-0.228866,0.362259,-0.405099,-0.040954,-0.513997,-0.629229,0.44678,0.374521,0.0189194,0.068766,-0.0138928
106.65,0.938571,3.87884,0.300019,-1.12618,2.56966,6.79264,0.192981,0.18273,-2.81733,-0.487534,-0.643175,0.463901,0.365283,0.801254,4.15233,-0.231736,0.366328,-0.398302,-0.074791,-0.513758,-0.628933,0.44728,0.374749,-0.00272271,0.0610865,0.0042586
106.8,1.01263,3.84072,0.302274,-1.10094,2.58759,6.69458,1.44416,0.95302,-1.39127,-0.487563,-0.642621,0.466261,0.36321,0.857145,4.09369,-0.251237,0.381253,-0.374538,-0.186267,-0.514008,-0.627746,0.450366,0.372694,0.0391652,-0.00244346,0.0293913
107,1.11476,3.7876,0.292416,-1.09265,2.60662,6.60489,0.231042,-0.452706,-2.20077,-0.48674,-0.644324,0.46534,0.362478,0.934072,4.02215,-0.299348,0.385812,-0.333107,-0.290011,-0.51363,-0.627672,0.451754,0.37166,-0.0313461,0.03735,-0.0948761
107.25,1.25581,3.73428,0.304914,-1.07007,2.59688,6.60823,-0.14858,-0.419345,0.133103,-0.482195,-0.649707,0.458154,0.368054,1.03215,3.94253,-0.382624,0.405933,-0.307301,-0.317951,-0.507908,-0.633227,0.444288,0.379025,-0.0425162,-0.0527089,-0.0397237
107.45,1.36206,3.68911,0.313063,-1.06476,2.56179,6.74643,0.168444,0.833202,-0.0617959,-0.486461,-0.648526,0.460721,0.361257,1.11417,3.87817,-0.432898,0.414739,-0.330906,-0.198552,-0.509408,-0.63265,0.445671,0.376344,0.0175231,-0.0247837,0.0580147
107.55,1.41371,3.66673,0.304561,-1.06923,2.5668,6.75259,0.085912,0.324593,1.6783,-0.486985,-0.648705,0.461006,0.359861,1.15605,3.84515,-0.452783,0.415407,-0.32044,-0.207057,-0.511275,-0.632429,0.446431,0.373271,-0.067649,-0.0254818,-0.233106
107.65,1.46655,3.64508,0.296134,-1.06577,2.56377,6.7186,-0.40019,0.195712,0.749862,-0.485615,-0.650317,0.458714,0.361729,1.19814,3.81288,-0.475553,0.424543,-0.319682,-0.247723,-0.50944,-0.634405,0.443482,0.375932,-0.0823097,-0.0925025,-0.182143
107.8,1.52457,3.60231,0.241074,-1.07577,2.53226,6.66914,0.497835,0.682718,0.0183147,-0.481462,-0.654473,0.453169,0.366739,1.26144,3.76303,-0.517226,0.419246,-0.349731,-0.309878,-0.503959,-0.63998,0.435725,0.382877,-0.0264592,-0.0631809,-0.101159
107.85,1.55286,3.58777,0.241328,-1.0799,2.51604,6.65335,-0.182657,-0.306639,-2.26458,-0.48094,-0.654493,0.453738,0.366684,1.28249,3.74517,-0.533033,0.419678,-0.364863,-0.325154,-0.5029,-0.640801,0.43509,0.383617,6.98132e-05,0.0136136,-0.04112
107.95,1.614,3.56457,0.237919,-1.09636,2.4898,6.70975,-0.184781,0.435881,0.162278,-0.481363,-0.654148,0.456438,0.36338,1.32503,3.70711,-0.56511,0.410389,-0.400217,-0.285314,-0.502303,-0.641979,0.435629,0.381815,0.0419577,0.0205949,-0.0481013
108.1,1.69748,3.51516,0.231339,-1.09491,2.46239,6.82871,-0.319878,-0.625395,0.252136,-0.480353,-0.658091,0.460739,0.351991,1.3881,3.6427,-0.601545,0.422506,-0.448562,-0.18307,-0.50014,-0.646996,0.438743,0.372506,0.143187,-0.084823,0.0265988
108.2,1.75287,3.48449,0.235071,-1.11958,2.46019,6.92443,0.126765,0.00530708,1.01377,-0.478563,-0.659548,0.465545,0.345313,1.42909,3.59641,-0.615656,0.400274,-0.471679,-0.099067,-0.499243,-0.649665,0.442498,0.364538,0.185075,0.0303687,0.0915251
108.25,1.78033,3.47019,0.238979,-1.13787,2.46163,6.96664,0.53882,0.0872996,1.12912,-0.47749,-0.660273,0.467756,0.342414,1.44869,3.57257,-0.620268,0.380112,-0.480211,-0.06441,-0.499005,-0.650872,0.444562,0.360171,0.165527,-0.0904081,0.0363727
108.4,1.86179,3.43151,0.253221,-1.15807,2.49055,7.09952,-0.513799,0.200175,2.35961,-0.4729,-0.665224,0.469643,0.336569,1.50477,3.50055,-0.6224,0.35212,-0.478406,0.049325,-0.497035,-0.655515,0.447651,0.350522,0.131319,0.0101229,0.0189194
108.6,1.9645,3.40066,0.296112,-1.20312,2.51804,7.27685,-0.0707102,0.462851,-0.161674,-0.465438,-0.668254,0.472795,0.336553,1.56431,3.4049,-0.596999,0.259943,-0.471863,0.208589,-0.492904,-0.659198,0.450654,0.345565,0.0238063,-0.00174533,0.016825
108.7,1.96914,3.34441,0.311579,-1.1915,2.53738,7.34279,-0.918412,1.05563,2.00785,-0.465498,-0.670946,0.471231,0.333294,1.58972,3.35798,-0.57296,0.253741,-0.460156,0.259867,-0.492989,-0.660881,0.450533,0.342373,0.0663923,-0.0136136,0.0740718
108.95,2.08028,3.28241,0.359609,-1.27996,2.57249,7.30059,-0.648739,0.598644,0.62686,-0.475228,-0.671074,0.471165,0.319096,1.63837,3.24627,-0.512492,0.111131,-0.424259,0.19196,-0.506652,-0.661449,0.449194,0.322512,0.0189194,-0.095295,0.170414
109.05,2.12045,3.27318,0.378236,-1.32862,2.59867,7.27571,-0.931041,-0.128747,0.371853,-0.476982,-0.665421,0.478089,0.318017,1.64576,3.20524,-0.494948,0.036298,-0.388263,0.156577,-0.511394,-0.655811,0.455597,0.317519,0.0552222,0.0436332,0.338664
109.15,2.15429,3.27041,0.396391,-1.36588,2.64109,7.24526,-0.646361,-0.0999665,-1.37432,-0.475325,-0.663139,0.479733,0.322754,1.64576,3.1694,-0.480893,-0.031686,-0.326418,0.117379,-0.513017,-0.65152,0.459613,0.317948,-0.0376293,0.00453786,0.0147306
109.25,2.18156,3.26525,0.411048,-1.38647,2.67647,7.21027,-0.422947,0.736079,-1.68998,-0.471424,-0.666709,0.473318,0.330498,1.63965,3.14009,-0.471482,-0.085988,-0.26705,0.072054,-0.51124,-0.653905,0.454961,0.322574,-0.0934798,-0.042237,-0.238691
109.5,2.1125,3.22441,0.413303,-1.43334,2.65722,7.36272,0.23027,0.161457,-0.666067,-0.465131,-0.669342,0.466315,0.343778,1.59631,3.08148,-0.437895,-0.250612,-0.215498,0.202911,-0.504544,-0.659768,0.444085,0.33605,-0.0788191,-0.0561996,-0.0634602
109.55,2.11413,3.21572,0.431042,-1.43536,2.64685,7.37356,-1.27894,-0.68826,0.719049,-0.465093,-0.669266,0.466292,0.344011,1.58332,3.07073,-0.427477,-0.271673,-0.212708,0.20717,-0.504171,-0.659815,0.443761,0.336946,0.0133343,0.0652753,0.0587129
109.65,2.09222,3.19494,0.45972,-1.43849,2.63659,7.35513,-0.584722,-0.0107575,1.56901,-0.466472,-0.66592,0.47117,0.341984,1.55357,3.04954,-0.407465,-0.320789,-0.20725,0.180448,-0.505558,-0.656355,0.448485,0.335366,0.0398633,0.0631809,0.113865
109.7,2.07908,3.18678,0.474013,-1.43439,2.64199,7.32146,-0.44993,0.715392,-0.331181,-0.467345,-0.664441,0.473382,0.340611,1.53706,3.03944,-0.399175,-0.338686,-0.195284,0.147138,-0.506631,-0.654309,0.451307,0.333956,0.0747699,0.0869174,0.148772
109.85,2.04017,3.15108,0.510246,-1.43863,2.66722,7.20975,-0.472872,0.745885,-1.57384,-0.473667,-0.656668,0.484834,0.330699,1.48086,3.01296,-0.383606,-0.406013,-0.146498,0.027417,-0.51445,-0.6437,0.465543,0.322896,0.182282,0.215374,0.383344
110.15,1.91561,3.16507,0.446129,-1.39412,2.87668,7.11847,0.648663,0.805114,-0.325017,-0.468062,-0.637459,0.512789,0.334083,1.34535,3.01038,-0.421709,-0.486022,0.180219,-0.117685,-0.514923,-0.612321,0.507342,0.32019,0.0272969,0.405964,0.00495674
110.25,1.86731,3.18421,0.460581,-1.3008,2.97437,7.23225,0.754123,1.12744,2.86762,-0.461326,-0.635998,0.516333,0.340713,1.29896,3.03664,-0.429872,-0.430365,0.351661,-0.034962,-0.508182,-0.606063,0.516742,0.327744,0.006353,0.241903,-0.133971
110.4,1.78534,3.2234,0.460394,-1.13205,3.06582,7.37324,1.47069,1.19583,0.774841,-0.444072,-0.645051,0.505866,0.361674,1.24161,3.10699,-0.425935,-0.297212,0.577633,0.076967,-0.489181,-0.610103,0.513596,0.353122,-0.103952,0.116239,-0.503283
110.5,1.72427,3.24417,0.439645,-1.02396,3.05365,7.446,2.08235,0.27091,1.42875,-0.437941,-0.65474,0.493885,0.368239,1.21749,3.16955,-0.416152,-0.196947,0.656423,0.138303,-0.479286,-0.619485,0.50276,0.365726,-0.0166853,-0.207694,-0.238691
110.55,1.69146,3.25606,0.435436,-0.998884,3.03407,7.45837,-0.426445,0.113306,1.33265,-0.439437,-0.659358,0.488774,0.365023,1.20887,3.20301,-0.409643,-0.164922,0.677256,0.146942,-0.479273,-0.625559,0.496375,0.364122,-0.00551524,-0.405964,-0.150029
110.65,1.62402,3.26215,0.406837,-0.941216,2.98669,7.57239,0.395807,0.00518799,0.646704,-0.447163,-0.669674,0.47752,0.351507,1.19583,3.27258,-0.389875,-0.103171,0.711545,0.255253,-0.483301,-0.636515,0.484878,0.355194,0.0454484,-0.229336,-0.0069115
110.7,1.62342,3.29729,0.423246,-0.943454,2.95091,7.63031,-0.222711,-0.596987,2.34309,-0.449066,-0.671421,0.476436,0.347193,1.19082,3.30836,-0.375762,-0.098525,0.714647,0.306145,-0.484307,-0.639684,0.48202,0.352006,0.106884,-0.198618,0.0112399
110.75,1.61879,3.335,0.436003,-0.940158,2.938,7.67627,-0.328252,0.657934,-0.425801,-0.449446,-0.674661,0.473021,0.345083,1.18753,3.3462,-0.362994,-0.079841,0.73839,0.339568,-0.484452,-0.643464,0.478369,0.34989,0.0279951,-0.152542,-0.0934798
110.85,1.54262,3.36798,0.434649,-0.940931,2.89173,7.69109,0.0308993,-0.00617921,-0.843098,-0.446765,-0.680423,0.465866,0.346979,1.17996,3.42119,-0.3282,-0.067771,0.752341,0.348401,-0.480368,-0.652087,0.46783,0.353786,-0.0634602,-0.0164061,-0.305014
110.95,1.46858,3.39584,0.41881,-0.929491,2.82603,7.61451,-0.570807,-0.156672,-2.64689,-0.446785,-0.681407,0.465419,0.345619,1.17484,3.49536,-0.29687,-0.037477,0.728705,0.271882,-0.477428,-0.656009,0.463212,0.35658,0.032882,-0.0275762,-0.000628319
111.1,1.54474,3.44214,0.490339,-0.926618,2.76692,7.56372,0.206979,0.752562,0.864341,-0.450887,-0.674511,0.475975,0.339389,1.17197,3.6044,-0.262771,-0.007487,0.722609,0.200677,-0.479037,-0.651819,0.469641,0.353684,0.0740718,0.223751,0.143187
111.3,1.68371,3.43825,0.55243,-0.933612,2.7153,7.60282,0.524333,-0.25979,-0.00666588,-0.450739,-0.671834,0.478669,0.3411,1.17468,3.75167,-0.22421,0.021737,0.7339,0.228796,-0.477107,-0.650504,0.47018,0.357973,-0.0774228,-0.209789,-0.207275
111.45,1.57708,3.46784,0.513534,-0.88607,2.67769,7.73381,0.763454,0.0662054,0.459126,-0.455461,-0.673982,0.474962,0.335728,1.18246,3.86046,-0.181052,0.097673,0.716764,0.352724,-0.477829,-0.653232,0.465289,0.358432,0.0321839,-0.0443314,0.107582
111.5,1.53943,3.48258,0.510625,-0.895221,2.67002,7.76415,-0.591414,0.37254,0.5879,-0.457022,-0.67283,0.47632,0.333992,1.18765,3.89617,-0.162593,0.105114,0.71278,0.381153,-0.479679,-0.652452,0.466119,0.356298,-0.0090059,0.0205949,0.0608073
111.6,1.46391,3.51501,0.505299,-0.91216,2.65206,7.8419,0.0983391,0.00563538,0.362922,-0.457317,-0.67326,0.474784,0.334907,1.19781,3.96645,-0.120856,0.108574,0.69797,0.458593,-0.48008,-0.654228,0.462478,0.357243,-0.110933,-0.0610865,-0.174463
111.95,1.20042,3.64609,0.496983,-0.964538,2.57368,7.88334,-0.671157,-0.176733,0.823883,-0.454764,-0.680325,0.459944,0.344672,1.24206,4.19466,0.0598047,0.138367,0.606712,0.485633,-0.476788,-0.665097,0.44133,0.368167,-0.13467,-0.11973,-0.28407
112.1,1.1085,3.70265,0.505042,-0.989654,2.46118,7.81676,-0.000775099,-0.864724,-1.38367,-0.454595,-0.682655,0.456071,0.345435,1.26299,4.2769,0.126979,0.135715,0.475278,0.413778,-0.473956,-0.671746,0.430505,0.372543,0.0419577,-0.119031,0.0908269
112.2,1.16683,3.69054,0.515526,-1.01682,2.40957,7.78565,0.613884,-0.296269,-1.49323,-0.458684,-0.67862,0.462526,0.339343,1.276,4.3205,0.166849,0.122944,0.3976,0.374784,-0.477591,-0.669212,0.434858,0.36737,0.0272969,0.058294,0.0684867
112.35,1.23711,3.66845,0.522359,-1.04843,2.37849,7.69248,-0.263488,0.00177443,-1.53769,-0.461364,-0.672161,0.473279,0.333692,1.29387,4.37305,0.215764,0.113973,0.310768,0.269941,-0.480698,-0.665392,0.44216,0.361493,0.0447502,-0.114843,0.0566185
112.75,1.12174,3.67056,0.555605,-1.22287,2.41141,7.55966,-1.36541,0.694719,-0.581536,-0.472689,-0.681287,0.464661,0.31065,1.31706,4.46923,0.283821,-0.055289,0.19009,0.101118,-0.500679,-0.676242,0.430023,0.327259,0.00774926,-0.161617,-0.0425162
113,1.06402,3.68911,0.550881,-1.34291,2.41608,7.55568,-0.43696,-0.604859,0.45312,-0.459706,-0.67022,0.481945,0.327422,1.27587,4.5073,0.307333,-0.255643,0.120956,0.070589,-0.493434,-0.669859,0.441454,0.336051,0.0349764,0.304734,-0.0404218
113.2,1.00944,3.6876,0.579801,-1.30556,2.45485,7.49935,1.24767,-0.676441,0.804433,-0.44903,-0.658149,0.498982,0.340923,1.21827,4.52818,0.315332,-0.297118,0.10028,0.000647,-0.482214,-0.655921,0.462705,0.350916,-0.0271573,0.177675,-0.00830777
113.5,0.944933,3.70563,0.633647,-1.16745,2.52715,7.63283,-0.156868,-0.866045,-0.469074,-0.450291,-0.663519,0.493665,0.336563,1.1398,4.55853,0.332868,-0.225712,0.106338,0.123849,-0.480479,-0.655248,0.46529,0.351135,-0.00411898,-0.120428,-0.0446106
113.65,0.906041,3.71818,0.635101,-1.15126,2.54084,7.60465,0.032131,-0.132533,-1.71482,-0.452143,-0.667914,0.487724,0.334039,1.10597,4.57386,0.349978,-0.22746,0.0967,0.09093,-0.482446,-0.659131,0.459781,0.348415,0.0154287,-0.0247837,-0.00342085
113.75,0.883265,3.72452,0.644231,-1.1468,2.55042,7.55046,-0.549906,-0.390747,-0.812172,-0.452817,-0.668937,0.485969,0.333638,1.08331,4.5836,0.355779,-0.230855,0.092948,0.028319,-0.483266,-0.659938,0.458278,0.347731,0.00146608,-0.0247837,0.00774926
113.95,0.837017,3.73977,0.651593,-1.12065,2.56551,7.45865,-0.290735,-0.908233,0.260849,-0.454622,-0.665903,0.488353,0.333771,1.03753,4.60105,0.350681,-0.223619,0.077638,-0.080102,-0.483182,-0.65618,0.46147,0.350726,0.0642979,0.0610865,0.178792
114.15,0.784602,3.74338,0.664228,-1.1107,2.63796,7.40974,-0.892598,-0.262176,-0.0261761,-0.462493,-0.662878,0.491147,0.324758,0.993835,4.61959,0.32486,-0.221587,0.122,-0.143455,-0.493324,-0.649183,0.469459,0.338824,-0.0320442,-0.0617847,0.0398633
114.55,0.679853,3.78086,0.671366,-1.07561,2.67492,7.7048,0.961043,0.613426,2.24081,-0.458338,-0.668316,0.476972,0.340262,0.903341,4.6845,0.319762,-0.220255,0.171916,0.119351,-0.48901,-0.652103,0.458154,0.354577,-0.014591,0.047822,-0.0522901
114.95,0.594516,3.8146,0.712295,-1.02235,2.64046,7.56152,-0.190856,0.379756,0.406919,-0.461361,-0.667399,0.474128,0.341946,0.825509,4.74315,0.344224,-0.15799,0.115094,-0.034799,-0.487568,-0.651423,0.454161,0.362855,0.00495674,0.0366519,-0.00830777
115.55,0.480205,3.85698,0.68711,-1.04916,2.60767,7.50441,-0.212292,0.0709206,-2.25162,-0.462948,-0.65907,0.481063,0.346244,0.737046,4.78512,0.26735,-0.14852,0.002525,-0.128199,-0.487662,-0.646313,0.455985,0.369517,0.0307876,0.401077,0.112469
116.75,0.548695,3.80472,0.784333,-0.992446,2.53287,7.97796,-1.12155,0.450568,-2.39124,-0.477519,-0.664233,0.464526,0.339096,0.811085,4.68251,0.296738,0.202481,-0.312293,0.285021,-0.497251,-0.649196,0.440652,0.370287,-0.203785,-0.0150098,-0.0180816
117,0.65358,3.79985,0.816282,-1.03607,2.55497,7.8445,-0.114721,-0.138694,-0.955177,-0.507395,-0.641208,0.447243,0.362459,0.862984,4.60053,0.348031,0.206914,-0.358022,0.129797,-0.527521,-0.625159,0.421599,0.391348,-0.38111,-0.0136136,0.164829
117.35,0.79184,3.77286,0.888492,-1.09511,2.57913,7.69286,1.19624,0.651219,-0.542656,-0.536297,-0.614641,0.435241,0.381009,0.93258,4.45886,0.360111,0.189967,-0.432962,-0.054626,-0.55822,-0.597074,0.407618,0.407113,-0.168878,0.0408407,0.100601
117.45,0.83769,3.75984,0.893163,-1.11141,2.60021,7.66755,1.01487,0.429928,1.47445,-0.542804,-0.608891,0.429811,0.38714,0.951417,4.41557,0.352069,0.18391,-0.435759,-0.093,-0.565644,-0.590343,0.402283,0.411959,-0.258239,0.021293,0.08594
117.7,0.934549,3.71561,0.957824,-1.14711,2.64098,7.59657,-0.563822,-0.130268,-1.32241,-0.569937,-0.58448,0.406489,0.41027,0.996667,4.30493,0.316998,0.168597,-0.450091,-0.178097,-0.594131,-0.563226,0.379388,0.431103,-0.448829,-0.0345575,0.206717
117.9,1.00555,3.65176,1.00403,-1.17112,2.65987,7.53508,-0.415703,0.193428,-1.80419,-0.599929,-0.552813,0.386853,0.429916,1.02863,4.21343,0.273878,0.144714,-0.464479,-0.254448,-0.625151,-0.530177,0.357536,0.447512,-0.535397,-0.0178024,0.226963
118,1.04814,3.61593,1.01084,-1.17707,2.66266,7.52388,-0.186579,0.737066,-1.64286,-0.617181,-0.534329,0.376692,0.437815,1.04247,4.16635,0.246737,0.131645,-0.476223,-0.272905,-0.642166,-0.510394,0.345654,0.455681,-0.487226,0.109258,0.359608
118.2,1.12948,3.54897,1.0231,-1.19519,2.68063,7.66585,-0.484111,0.329892,1.03983,-0.647727,-0.496183,0.354826,0.456454,1.06468,4.07202,0.203653,0.09316,-0.472056,-0.149446,-0.672675,-0.469606,0.322308,0.47233,-0.506774,0.0101229,0.321909
118.4,1.20367,3.49202,1.02021,-1.16592,2.74177,7.80445,-0.137317,0.43348,-1.16707,-0.678604,-0.453737,0.33254,0.472268,1.08506,3.982,0.188243,0.106495,-0.411844,-0.016201,-0.703969,-0.42164,0.302645,0.484823,-0.62406,-0.0150098,0.258379
118.55,1.23774,3.44417,1.02389,-1.16781,2.79401,7.88993,-0.402179,-0.287959,-1.1827,-0.701346,-0.420909,0.3151,0.481312,1.0992,3.92501,0.19234,0.09544,-0.345917,0.06235,-0.727639,-0.385307,0.285033,0.49075,-0.487226,0.0296706,0.296078
118.75,1.29894,3.45308,1.02984,-1.15092,2.87949,7.83041,-0.541263,1.18179,-2.56606,-0.723955,-0.382874,0.288925,0.495802,1.11801,3.86645,0.201068,0.099674,-0.239587,-0.003703,-0.751129,-0.342252,0.260914,0.500593,-0.453716,0.0247837,0.270945
118.95,1.33819,3.46247,1.04253,-1.10793,2.93268,7.76293,0.509573,0.194415,-2.26816,-0.737587,-0.353964,0.257331,0.514252,1.14028,3.83163,0.19203,0.126094,-0.128683,-0.090655,-0.764153,-0.30801,0.232214,0.516987,-0.40345,0.125315,0.0286932
119.45,1.42791,3.40302,1.00817,-1.02797,2.91311,7.60558,-0.530444,-0.40775,0.221841,-0.745385,-0.332302,0.240314,0.525572,1.20969,3.80176,0.108042,0.183767,0.008084,-0.29652,-0.769164,-0.283098,0.215851,0.530708,-0.0962724,-0.263545,0.11945
119.7,1.51558,3.37457,0.96243,-0.995793,2.93434,7.52423,0.217808,-0.13399,-2.44295,-0.750003,-0.317593,0.225474,0.534595,1.26168,3.81747,0.0206417,0.236092,0.103686,-0.388178,-0.773273,-0.265015,0.204281,0.538596,-0.226823,0.102974,-0.0383274
120.1,1.69443,3.33479,0.944727,-0.987532,2.84224,7.73258,0.148174,0.138574,2.71136,-0.764026,-0.292957,0.198499,0.53948,1.37316,3.86323,-0.118497,0.299067,0.10305,-0.232382,-0.781181,-0.241816,0.172542,0.5491,-0.0739321,-0.192335,0.0384671
120.15,1.70783,3.3216,0.941925,-0.994205,2.83919,7.76078,-0.193434,0.583486,-0.412727,-0.766219,-0.292497,0.197407,0.537014,1.38807,3.86856,-0.129026,0.299582,0.106468,-0.201997,-0.78323,-0.241373,0.171042,0.546841,-0.0585732,-0.27262,0.00146608
120.35,1.75871,3.3054,0.903169,-1.05092,2.86171,7.98672,-0.138883,-0.615608,2.00577,-0.772148,-0.295519,0.195639,0.527429,1.44484,3.8945,-0.150394,0.260904,0.161505,-0.002803,-0.790248,-0.246679,0.165749,0.535896,0.0852419,-0.12322,0.0622035
120.7,1.74707,3.39546,0.843081,-1.09479,2.89211,8.09408,-0.447578,0.410076,0.460249,-0.759644,-0.299625,0.207859,0.53848,1.52167,3.96697,-0.123894,0.183227,0.235675,0.087432,-0.780057,-0.254429,0.17324,0.544761,0.0524297,0.047822,-0.0753284
121.1,1.85887,3.38743,0.889174,-1.03326,2.86323,7.95711,-0.0904818,-0.166293,0.642222,-0.767139,-0.281784,0.197818,0.541261,1.59388,4.06375,-0.113529,0.201224,0.251256,-0.083482,-0.782869,-0.235472,0.164627,0.551876,-0.33992,0.0143117,0.147376
121.35,1.94229,3.3505,0.884496,-1.00422,2.85202,7.8533,0.182612,-0.592108,-0.630324,-0.782333,-0.239281,0.1701,0.549331,1.64716,4.12726,-0.151903,0.217687,0.260272,-0.217629,-0.794831,-0.190086,0.137494,0.559649,-0.337826,0.0548033,0.227661
121.45,1.98284,3.33899,0.886439,-1.00405,2.84967,7.81714,-1.06941,-0.685214,0.869187,-0.788685,-0.228321,0.158436,0.548401,1.66925,4.15284,-0.177172,0.217992,0.258968,-0.270827,-0.799984,-0.177312,0.126052,0.559192,-0.305712,-0.184656,0.0775624
121.65,2.0638,3.33419,0.845485,-1.02835,2.8632,7.75153,-0.853493,0.053205,-1.49672,-0.794298,-0.215544,0.142257,0.549905,1.7101,4.20477,-0.239539,0.182165,0.268597,-0.350969,-0.806605,-0.166075,0.10547,0.557389,-0.133971,-0.0122173,-0.00830777
121.7,2.08549,3.32386,0.841955,-1.03343,2.86609,7.73381,0.155341,-0.0315382,0.249922,-0.795118,-0.214193,0.139772,0.549884,1.71883,4.21798,-0.257945,0.168947,0.269673,-0.380076,-0.807415,-0.164628,0.102522,0.557197,-0.126292,-0.135787,-0.014591
121.95,2.17701,3.28773,0.750874,-1.07837,2.89966,7.65021,-0.843493,0.657692,-1.33623,-0.799005,-0.210699,0.135236,0.546725,1.75153,4.28921,-0.366735,0.084613,0.308142,-0.4839,-0.81238,-0.163857,0.0929868,0.551855,-0.0124966,-0.109956,-0.046705
122.2,2.18104,3.34003,0.62191,-1.1048,2.94209,7.82658,-0.862064,-0.0871983,2.51651,-0.79637,-0.20824,0.141616,0.549887,1.76086,4.37564,-0.475483,0.000385,0.388273,-0.348036,-0.811569,-0.162617,0.0975319,0.552629,-0.00342085,0.0890118,0.0796568
122.65,2.08731,3.50946,0.694094,-0.930551,2.92606,8.17422,0.201058,0.504129,0.515848,-0.788197,-0.209539,0.146335,0.559844,1.77075,4.56655,-0.553968,0.093661,0.423959,-0.027481,-0.800765,-0.156046,0.112544,0.567238,-0.0557807,-0.160221,-0.273598
122.75,2.05218,3.53326,0.690291,-0.929577,2.90721,8.24623,-0.190497,-0.418399,0.484964,-0.790208,-0.214557,0.140271,0.556651,1.77988,4.60813,-0.552245,0.089736,0.405762,0.044889,-0.802068,-0.161681,0.105697,0.565131,-0.0180816,-0.0869174,-0.020176
123.3,2.04309,3.74862,0.72697,-0.8985,2.85929,8.06048,0.460486,0.172135,-1.04594,-0.791282,-0.215766,0.153533,0.551131,1.8198,4.82177,-0.576111,0.096443,0.373835,-0.173716,-0.801453,-0.162227,0.119389,0.563117,0.0370708,-0.0610865,-0.106046
123.4,2.00723,3.77234,0.715978,-0.894252,2.87094,8.05046,0.730042,0.502946,-0.347084,-0.793804,-0.220234,0.149314,0.546879,1.83005,4.86033,-0.595527,0.106244,0.392726,-0.198487,-0.804719,-0.166367,0.115878,0.557963,-0.0090059,-0.105069,-0.108141
123.6,2.01091,3.83863,0.65691,-0.922584,2.89693,8.22846,-0.131807,0.336679,-0.0208394,-0.794719,-0.225409,0.145276,0.544525,1.84919,4.94347,-0.620378,0.085293,0.432637,-0.042242,-0.807874,-0.17292,0.109955,0.552583,-0.0536863,-0.0673697,-0.106744
124.1,2.10959,3.84267,0.425594,-1.0441,3.01229,8.1271,0.237146,-0.222381,0.366042,-0.801771,-0.232299,0.143586,0.531586,1.84903,5.19311,-0.651123,-0.098615,0.608624,-0.192157,-0.821525,-0.1843,0.101532,0.529926,-0.00411898,-0.0987856,-0.0788191
124.4,2.02537,4.04579,0.37111,-1.13018,3.08613,8.24389,-0.359927,-0.280096,2.28,-0.782405,-0.229126,0.152911,0.558535,1.79354,5.40521,-0.708141,-0.268847,0.780742,-0.119688,-0.804818,-0.186525,0.103841,0.553799,0.0293913,0.329169,-0.0243648
124.6,1.96902,4.17262,0.457605,-1.10737,3.02108,8.29465,-0.176092,0.457443,0.116393,-0.783397,-0.22887,0.153845,0.556991,1.73479,5.55686,-0.725352,-0.323893,0.75317,-0.073107,-0.802917,-0.185711,0.105584,0.556496,-0.036233,-0.225846,0.0880344
125,1.74848,4.44429,0.414523,-1.09028,3.01539,8.24542,1.21283,-0.414233,0.529651,-0.783361,-0.223925,0.15991,0.557344,1.57811,5.86677,-0.78619,-0.45337,0.815321,-0.159047,-0.803088,-0.180695,0.110959,0.556854,0.0936195,0.170693,0.180886
