43.65,4.5579,-1.74195,0.581917,-0.420783,0.135353,2.20162,0.010247,0.471198,-1.09086,-0.641413,-0.497463,0.372159,0.450131,4.55484,-1.7328,0.581516,0.078514,0.043955,0.009779,-0.637854,-0.498213,0.382945,0.445284,-0.121126,0.0522203,-0.0124267
43.9,4.58646,-1.73792,0.578353,-0.399856,0.178293,2.21562,1.17598,0.287097,2.00522,-0.637746,-0.50352,0.359605,0.458729,4.57744,-1.71455,0.580471,0.126844,0.112853,-0.007406,-0.635053,-0.501814,0.373475,0.453218,-0.183958,0.0222006,-0.398494
44.05,4.61527,-1.73583,0.578015,-0.381628,0.151729,2.33334,0.61382,-0.786374,0.904662,-0.636546,-0.51971,0.338192,0.458625,4.60066,-1.69805,0.585235,0.177091,0.112465,0.099727,-0.632808,-0.518306,0.351889,0.455069,-0.129503,-0.28777,-0.281906
44.3,4.65558,-1.78434,0.561306,-0.50896,0.0656032,2.52018,-0.346147,-0.7031,-1.45661,-0.64501,-0.529407,0.326593,0.443878,4.64043,-1.68149,0.634244,0.103328,0.020117,0.278088,-0.639327,-0.534342,0.331149,0.44281,0.102276,0.0752586,0.125803
44.45,4.68011,-1.81824,0.557828,-0.596571,0.0701693,2.43905,-0.311031,-1.76909,0.490705,-0.642278,-0.519738,0.341974,0.447666,4.65026,-1.67964,0.675017,0.025356,0.007376,0.185166,-0.638594,-0.527105,0.343413,0.443199,0.0561996,0.0969007,0.0888024
44.75,4.67926,-1.81966,0.550323,-0.693864,0.0972999,2.29185,0.960985,-0.0537754,2.69602,-0.641303,-0.522208,0.343334,0.445143,4.64465,-1.67803,0.67002,-0.084084,0.004222,0.006766,-0.639055,-0.530901,0.343248,0.438102,-0.0282743,0.0557109,-0.0682773
44.85,4.66503,-1.81738,0.552193,-0.707499,0.0800536,2.46956,0.732713,0.379803,-0.905684,-0.638418,-0.52084,0.347166,0.447911,4.63362,-1.67851,0.679462,-0.112827,-0.016807,0.184473,-0.63635,-0.529985,0.346396,0.440664,0.0268781,0.188356,-0.0585034
44.95,4.63712,-1.81254,0.562806,-0.758383,0.0846063,2.65844,0.667794,-0.104181,3.43635,-0.633367,-0.516912,0.353706,0.454467,4.61844,-1.67973,0.705597,-0.182148,-0.014307,0.353168,-0.631453,-0.526567,0.352497,0.446923,0.0534071,0.240018,0.0741416
45.05,4.60853,-1.81031,0.59733,-0.733982,0.0716196,2.7681,-0.198419,-0.273956,0.616515,-0.630733,-0.513359,0.359707,0.457438,4.60116,-1.68203,0.746955,-0.164697,-0.029358,0.46253,-0.627724,-0.522206,0.359743,0.451495,0.0359538,0.122732,-0.00195477
45.15,4.58578,-1.809,0.643414,-0.716944,0.0720761,2.78973,0.703208,-0.239902,-0.804252,-0.62958,-0.51096,0.363745,0.458517,4.58421,-1.68497,0.795405,-0.163133,-0.031996,0.479882,-0.625655,-0.519793,0.36394,0.453782,0.0310669,0.135298,0.0273668
45.3,4.55277,-1.8116,0.706855,-0.680697,0.0837441,2.74499,-0.0456858,0.161362,-1.0101,-0.632417,-0.506652,0.371147,0.453434,4.56335,-1.69007,0.863668,-0.131924,-0.024495,0.426635,-0.629246,-0.512637,0.375187,0.447759,0.0883137,0.116448,0.120916
45.55,4.51686,-1.80375,0.767668,-0.622179,0.139626,2.44343,-0.178426,0.596373,-2.52387,-0.631777,-0.508083,0.370349,0.453377,4.53734,-1.68605,0.929676,-0.079696,0.05505,0.106351,-0.630183,-0.509578,0.380597,0.44536,-0.00802851,0.0326726,-0.0822399
46.25,4.58254,-1.78179,0.772808,-0.564825,0.0596487,2.36229,-0.610467,-0.121584,0.525571,-0.632675,-0.529562,0.350556,0.443167,4.56191,-1.62879,0.89902,0.102642,0.067141,-0.068955,-0.625989,-0.530907,0.361394,0.442346,0.0268781,-0.193522,-0.0124267
46.65,4.52448,-1.74443,0.802987,-0.62171,0.07206,2.69127,-0.217843,-0.327398,-2.21467,-0.629326,-0.518364,0.363478,0.4507,4.59763,-1.60244,0.959909,0.093443,0.078817,0.232862,-0.623394,-0.522281,0.371058,0.44824,-0.0820305,-0.0699528,0.0936893
46.9,4.56145,-1.73553,0.798039,-0.631207,0.0956612,2.36398,-1.01033,0.451321,-1.84712,-0.646789,-0.511704,0.342785,0.449801,4.62657,-1.57903,0.96913,0.111912,0.102472,-0.105431,-0.642186,-0.514364,0.352411,0.445907,-0.193033,-0.215164,-0.00404916
47.15,4.54331,-1.70361,0.779483,-0.760222,0.111725,2.49362,-1.39388,-1.03589,1.26509,-0.663504,-0.499305,0.322328,0.45449,4.64351,-1.54886,0.946888,-0.005945,0.132791,0.002994,-0.662817,-0.506036,0.326111,0.445257,-0.168599,0.0410501,0.0490088
47.4,4.49876,-1.67894,0.795578,-0.811949,0.0997568,2.72945,0.271364,0.00865734,0.545302,-0.657888,-0.476034,0.338787,0.475183,4.62447,-1.51508,0.983617,-0.094817,0.133254,0.225902,-0.656885,-0.483546,0.340975,0.467356,0.00733038,0.151355,0.176069
47.65,4.49953,-1.65413,0.860873,-0.756859,0.123571,2.68697,0.152264,0.254122,0.623081,-0.659957,-0.473456,0.341174,0.473177,4.6068,-1.47664,1.03921,-0.047387,0.179128,0.164621,-0.658957,-0.47487,0.351372,0.465632,0.0575959,-0.00153589,0.0483107
48.05,4.59186,-1.62173,0.877953,-0.730136,0.142786,2.59128,1.12212,-1.73276,1.59917,-0.6692,-0.479585,0.314902,0.472235,4.60141,-1.37894,1.05623,-0.013092,0.295582,0.012752,-0.668261,-0.47805,0.330263,0.464566,-0.165806,-0.194918,0.0106116
48.4,4.61984,-1.51708,0.902632,-0.778568,0.102877,2.70685,0.251881,-0.0613756,0.870426,-0.684513,-0.462242,0.300315,0.477058,4.59781,-1.27407,1.09276,-0.054987,0.323785,0.08474,-0.682625,-0.463528,0.311692,0.471183,-0.189543,0.0598997,0.0971799
48.75,4.543,-1.41753,0.904045,-0.78198,0.141777,2.51312,-0.536834,0.463467,1.69201,-0.701642,-0.423804,0.294921,0.49103,4.56993,-1.1518,1.08336,-0.057595,0.401189,-0.151539,-0.701513,-0.424412,0.306924,0.483272,-0.384322,-0.131388,0.0329518
48.95,4.50195,-1.33153,0.884813,-0.803593,0.168785,2.42706,-0.179262,-0.817517,-1.73728,-0.723074,-0.403386,0.261796,0.49589,4.55673,-1.06445,1.04277,-0.079941,0.474615,-0.244374,-0.725279,-0.403735,0.273788,0.485807,-0.479267,-0.107652,0.123709
49.2,4.62008,-1.25912,0.87795,-0.856612,0.141598,2.57511,-0.54966,0.673665,-0.268942,-0.741693,-0.370072,0.239979,0.505321,4.52491,-0.938973,0.992878,-0.161244,0.518544,-0.104032,-0.743595,-0.3728,0.246603,0.497266,-0.238412,0.11226,0.0531976
49.5,4.58089,-1.0944,0.923961,-0.855426,0.107419,2.77956,0.423969,0.0215881,-0.30634,-0.735768,-0.348193,0.240687,0.528656,4.46429,-0.774373,0.997095,-0.201557,0.549292,0.09306,-0.736533,-0.351125,0.245755,0.523292,-0.0450295,-0.0441219,0.0141023
49.7,4.56994,-0.980628,0.963348,-0.856041,0.0832828,2.90458,-0.14425,-0.111585,0.375187,-0.738272,-0.352822,0.235624,0.524359,4.42354,-0.664948,1.02843,-0.216634,0.545266,0.205102,-0.738076,-0.357007,0.238722,0.520385,-0.0240855,-0.0957837,-0.139487
50.15,4.5336,-0.734249,1.0421,-0.889289,0.0579036,2.69296,-1.06074,0.00569344,-1.97946,-0.73852,-0.358739,0.244744,0.515747,4.31081,-0.433039,1.07009,-0.275932,0.506727,-0.028162,-0.736429,-0.364388,0.246013,0.51417,0.0366519,-0.0161967,0.000837758
50.4,4.45048,-0.617982,1.05953,-0.873955,0.0546951,2.67894,0.434718,-0.972756,1.42934,-0.734085,-0.359281,0.247625,0.520306,4.24177,-0.307299,1.05776,-0.274297,0.500478,-0.063035,-0.731703,-0.363638,0.251122,0.518956,-0.00383972,0.0431445,-0.0319744
50.6,4.42176,-0.506965,1.0607,-0.864377,0.0497326,2.58727,0.103562,-0.501482,1.13708,-0.73363,-0.360758,0.248252,0.519626,4.18754,-0.208739,1.03548,-0.268156,0.48634,-0.165424,-0.730819,-0.365241,0.251686,0.518803,0.00663225,-0.028763,-0.02988
51.2,4.29696,-0.217405,1.03093,-0.895022,0.0198196,2.81026,-0.214983,-0.267111,0.243097,-0.730936,-0.367696,0.245687,0.519778,4.02375,0.05723,0.98315,-0.28681,0.38944,0.011663,-0.727203,-0.373525,0.247475,0.52001,0.0527089,0.0333707,0.0441219
51.85,4.07706,-0.0589321,0.913323,-0.935035,0.0238395,2.63384,-0.0346348,-0.198856,1.2259,-0.740628,-0.375026,0.263017,0.491576,3.82044,0.260879,0.91609,-0.366489,0.29499,-0.201143,-0.736822,-0.381098,0.264317,0.491929,0.333358,-0.0106116,-0.0431445
52.05,3.97572,-0.0482199,0.896116,-0.950189,0.0945771,2.81458,0.4347,0.702554,0.426584,-0.713922,-0.411257,0.279855,0.492813,3.74302,0.325852,0.894567,-0.40677,0.358942,-0.023709,-0.712321,-0.415665,0.284392,0.488817,0.366868,0.203715,-0.376851
52.3,3.84594,-0.000820993,0.896728,-0.959669,0.0846616,2.81956,0.55078,-0.39991,-0.120972,-0.690017,-0.444069,0.294104,0.490084,3.63898,0.416724,0.897501,-0.422762,0.35456,-0.015397,-0.685915,-0.449869,0.29852,0.487878,0.19443,-0.012706,-0.10458
52.75,3.63248,0.119614,0.811931,-1.00517,0.124479,2.68058,-0.45316,1.55686,0.415699,-0.692722,-0.449864,0.302859,0.475432,3.43811,0.57006,0.839157,-0.484846,0.368324,-0.173684,-0.69103,-0.45664,0.307256,0.468564,-0.0764454,0.0291819,-0.00404916
53.15,3.45381,0.319719,0.82135,-1.04864,0.182948,2.8599,0.684156,-0.680525,-1.92242,-0.699171,-0.433046,0.308772,0.477797,3.22455,0.731324,0.818284,-0.567125,0.445053,-0.025388,-0.698624,-0.439381,0.31358,0.469613,-0.0366519,0.00544543,0.129294
53.35,3.34772,0.422436,0.846319,-1.05853,0.236252,2.98589,-0.260982,-0.690576,0.341912,-0.698214,-0.436161,0.304152,0.479324,3.11014,0.827964,0.818061,-0.586462,0.52611,0.070851,-0.699324,-0.441098,0.310615,0.468931,0.00244346,-0.0301593,-0.167412
53.6,3.20862,0.5601,0.912822,-1.0686,0.234696,2.98331,-0.774032,1.04766,-0.753556,-0.683488,-0.442383,0.300981,0.49654,2.95925,0.967121,0.842367,-0.606139,0.563056,0.045674,-0.68499,-0.446654,0.308899,0.485665,0.0198968,0.206507,-0.0948063
53.8,3.12023,0.686364,0.963057,-1.04066,0.16624,2.87752,0.639176,-0.0572435,-0.654064,-0.678468,-0.447823,0.304735,0.496258,2.83999,1.07683,0.837866,-0.578478,0.525716,-0.076603,-0.67624,-0.451768,0.312914,0.490601,0.115541,0.056409,-0.0962025
54,3.0264,0.805191,0.971499,-1.02319,0.100558,2.97035,-0.568949,0.179468,-0.817098,-0.677038,-0.460119,0.309279,0.484,2.72655,1.17701,0.828375,-0.542819,0.471281,-0.000709,-0.67132,-0.464941,0.316443,0.482725,0.150447,-0.104161,-0.0361632
54.3,2.88263,0.965248,0.994728,-1.05914,0.0783611,3.0012,-0.470364,0.368117,-0.68638,-0.673628,-0.47311,0.313707,0.473265,2.55839,1.3123,0.844078,-0.565987,0.429253,0.004328,-0.666698,-0.480042,0.318486,0.472905,0.0771436,-0.113237,0.00432842
54.6,2.71313,1.10164,0.99465,-1.12044,0.110352,3.01814,-0.477386,0.174627,0.249165,-0.675168,-0.472541,0.321465,0.466384,2.38129,1.43808,0.831931,-0.639245,0.437092,0.000453,-0.671357,-0.480027,0.326166,0.460944,-0.00802851,0.0124267,0.106256
54.85,2.58083,1.22238,1.06464,-1.11282,0.142915,3.16986,-0.449943,0.245458,0.728216,-0.674619,-0.469393,0.323968,0.46862,2.22538,1.54875,0.852492,-0.64188,0.474924,0.151311,-0.67304,-0.475329,0.330844,0.460024,-0.0268781,0.0661829,0.0148004
55.05,2.45967,1.30843,1.14821,-1.08828,0.182432,3.30508,0.617004,0.637177,2.11046,-0.675323,-0.461202,0.33218,0.469987,2.09606,1.64913,0.900154,-0.623616,0.536772,0.278699,-0.674816,-0.464232,0.342963,0.45988,0.0198968,-0.211674,0.158616
55.3,2.3113,1.47569,1.17999,-1.11214,0.218058,3.32894,0.127495,0.34543,0.525056,-0.675683,-0.473679,0.312023,0.470873,1.93897,1.79618,0.968704,-0.644775,0.62361,0.291985,-0.676733,-0.475341,0.32508,0.4587,-0.0694641,0.1346,-0.19045
55.45,2.24316,1.57737,1.25672,-1.11546,0.181402,3.42907,0.034497,-0.545088,1.09829,-0.666717,-0.470899,0.316063,0.483577,1.84191,1.89038,1.01943,-0.646235,0.623524,0.381368,-0.665534,-0.474561,0.326179,0.47483,-0.0261799,0.175091,-0.0543146
55.6,2.15264,1.67286,1.31361,-1.07143,0.134358,3.35866,1.12463,0.0330383,-0.777969,-0.657243,-0.465441,0.323953,0.496438,1.74677,1.98226,1.07473,-0.605857,0.596048,0.309692,-0.653615,-0.468524,0.3346,0.491239,-0.0275762,0.142279,-0.0124267
55.65,2.12864,1.70107,1.33806,-1.05544,0.11862,3.31916,0.599602,0.334152,0.497881,-0.655895,-0.466102,0.322847,0.498317,1.71687,2.01171,1.08914,-0.58603,0.584544,0.265052,-0.651156,-0.468886,0.333794,0.494695,-0.0778417,0.110863,-0.185563
55.85,2.06142,1.80146,1.43907,-0.999245,0.0142827,3.15895,-0.492258,-0.668151,-3.2293,-0.655075,-0.473314,0.312644,0.499104,1.60857,2.11972,1.12662,-0.498919,0.486622,0.105753,-0.644616,-0.476349,0.322572,0.503497,-0.0778417,0.0291819,-0.12343
56.05,2.002,1.90112,1.48431,-0.988567,-0.11851,3.01111,0.0515995,-0.731332,1.83965,-0.659479,-0.478325,0.307545,0.491638,1.51455,2.20133,1.13007,-0.445139,0.31992,-0.065713,-0.642764,-0.48422,0.312593,0.504649,0.109956,-0.123709,0.181654
56.25,1.92793,1.96889,1.46825,-0.989037,-0.14236,2.92602,-0.733613,0.520032,-0.320794,-0.672271,-0.471331,0.322118,0.471316,1.43025,2.25337,1.10726,-0.393378,0.216822,-0.161534,-0.654474,-0.477767,0.327444,0.485987,0.0980875,-0.143955,0.124407
56.55,1.86365,2.08946,1.4826,-1.1501,-0.0484807,3.11107,-0.609308,-0.207381,0.226342,-0.674554,-0.474633,0.32198,0.464789,1.31234,2.31311,1.06975,-0.453009,0.188105,-0.008642,-0.662571,-0.483019,0.324984,0.471251,0.11205,-0.144653,0.0371406
57.05,1.65435,2.21673,1.44321,-1.25392,0.0549887,3.45752,-0.0646107,1.01684,-0.650304,-0.666081,-0.476117,0.326449,0.472312,1.09543,2.40059,1.15251,-0.470665,0.171838,0.303083,-0.659424,-0.484739,0.329954,0.470445,0.0205949,0.12692,-0.0445408
57.45,1.49954,2.26894,1.54082,-1.22565,0.0590693,3.03102,-0.573339,-0.495946,-1.02691,-0.663217,-0.476159,0.329503,0.474177,0.916702,2.4647,1.16537,-0.411055,0.14093,-0.15641,-0.655184,-0.48195,0.33702,0.47421,0.0959931,-0.197711,0.155125
57.6,1.47069,2.31231,1.49035,-1.23714,0.0922083,2.97733,-0.181358,0.351025,0.914434,-0.678233,-0.478866,0.325856,0.452222,0.855531,2.48745,1.13374,-0.421727,0.165306,-0.238407,-0.671957,-0.484235,0.334461,0.449586,0.105767,-0.382018,0.166295
57.7,1.45205,2.33654,1.44872,-1.23382,0.128921,3.04092,-0.460985,0.231895,0.225316,-0.684095,-0.482101,0.32063,0.44361,0.81304,2.50627,1.11119,-0.413321,0.209296,-0.184727,-0.680037,-0.485794,0.332011,0.437404,-0.0136136,-0.14954,-0.0319744
57.85,1.41263,2.38254,1.39163,-1.3209,0.19107,3.22814,-0.411155,-0.501284,1.59909,-0.675094,-0.486632,0.314984,0.456313,0.741072,2.54547,1.09664,-0.516288,0.302,-0.024559,-0.674716,-0.490855,0.325784,0.444616,-0.0555015,0.152751,-0.127618
58.05,1.32727,2.46111,1.44818,-1.35363,0.172558,3.37959,-0.102322,0.136906,-0.00706165,-0.665429,-0.481415,0.324266,0.469357,0.630062,2.60974,1.11102,-0.565097,0.329004,0.1197,-0.665354,-0.486678,0.333383,0.457499,0.10088,0.0675791,0.0336499
58.3,1.17708,2.53159,1.51128,-1.37277,0.213253,3.25487,0.0928001,-0.816877,-0.434713,-0.669394,-0.47059,0.340418,0.46322,0.481119,2.70177,1.14021,-0.598834,0.412819,-0.009384,-0.671288,-0.474682,0.351044,0.448126,0.0513127,-0.0929911,0.198409
58.4,1.14,2.58413,1.4735,-1.37128,0.25307,3.11263,-0.685911,1.40511,0.832187,-0.669626,-0.471303,0.339501,0.462833,0.421299,2.74549,1.13161,-0.596244,0.467502,-0.1602,-0.673389,-0.472884,0.353542,0.4449,-0.0401426,-0.0203854,-0.143676
58.65,1.01765,2.74022,1.4219,-1.37374,0.250392,3.03124,0.602842,-0.299581,0.711096,-0.659278,-0.485468,0.319229,0.477248,0.274023,2.8772,1.07723,-0.594216,0.562877,-0.260133,-0.662556,-0.487952,0.332955,0.460503,-0.120428,0.0396539,-0.311925
58.9,0.921227,2.92826,1.4129,-1.36159,0.111624,3.09189,0.836698,-0.293677,1.80923,-0.653429,-0.48271,0.324991,0.484152,0.123901,3.01069,1.01104,-0.579698,0.491364,-0.219716,-0.651145,-0.488622,0.33351,0.475425,0.0785398,0.180676,0.102067
59.1,0.834155,3.04775,1.44419,-1.33147,0.0585273,3.24588,-0.144762,-0.295599,0.519345,-0.657325,-0.478745,0.331762,0.478185,0.0109789,3.10662,0.981292,-0.530652,0.466597,-0.092317,-0.651463,-0.483795,0.341463,0.47428,-0.0282743,0.0270875,0.0252724
59.4,0.741093,3.22902,1.46947,-1.32352,-0.00179689,3.51376,0.378071,-0.109625,-1.06353,-0.647747,-0.494214,0.339419,0.470076,-0.144882,3.23985,0.991931,-0.47309,0.419018,0.119477,-0.639274,-0.499356,0.348272,0.469765,0.132994,0.0215025,-0.0703717
59.8,0.608859,3.41277,1.51339,-1.32754,-0.030999,3.34161,-1.10513,0.810007,-1.06681,-0.641335,-0.506003,0.34608,0.461387,-0.313974,3.39666,0.991193,-0.381542,0.361131,-0.113538,-0.6304,-0.511312,0.354949,0.46386,0.0415388,-0.0908967,-0.0801455
60.6,0.396532,3.7081,1.48799,-1.36991,-0.0137204,3.34908,1.18316,-0.471344,1.5703,-0.647495,-0.499723,0.35325,0.454138,-0.581598,3.63536,0.92528,-0.293868,0.268945,-0.170227,-0.636616,-0.505958,0.361686,0.455971,-0.0631809,0.0047473,-0.0103323
61.2,0.265004,3.85825,1.47563,-1.41488,0.0116779,3.71382,0.0853484,-0.0204707,0.370489,-0.647678,-0.492767,0.341132,0.470451,-0.713865,3.78518,0.93277,-0.18342,0.240758,0.187931,-0.639117,-0.498627,0.350655,0.468979,-0.207694,-0.0378387,0.0846136
61.7,0.226243,3.96995,1.50022,-1.40826,-0.0159627,3.41683,-2.06632,-0.0809884,-1.23288,-0.669051,-0.4678,0.320651,0.480331,-0.774292,3.88803,0.951626,-0.05966,0.174662,-0.131567,-0.659308,-0.472219,0.332005,0.481762,-0.128805,-0.166993,0.0929911
62.25,0.217345,4.03079,1.40548,-1.54475,0.0307308,3.63509,-0.530655,-0.397042,0.588793,-0.676146,-0.462027,0.317308,0.478198,-0.820857,3.98208,0.909883,-0.134481,0.195922,0.035565,-0.67158,-0.469351,0.32457,0.472593,0.0394444,0.0452389,0.0636696
62.9,0.140764,4.16017,1.3066,-1.66011,0.103304,3.82526,-0.0538735,-0.077267,-2.19292,-0.679338,-0.471591,0.311192,0.468254,-0.916099,4.13227,0.937351,-0.20156,0.275282,0.198855,-0.678041,-0.480224,0.317143,0.457237,-0.00523599,-0.135577,-0.0647866
62.95,0.136449,4.17185,1.29088,-1.6814,0.110066,3.82043,0.0454724,0.214941,0.733707,-0.678951,-0.472866,0.309834,0.46843,-0.926786,4.14619,0.94705,-0.225986,0.282007,0.184669,-0.678644,-0.482186,0.314936,0.455801,0.0171042,-0.150936,-0.034767
63.05,0.120546,4.20032,1.26495,-1.72071,0.117765,3.77303,-0.0603576,-0.0309232,0.734925,-0.679577,-0.473621,0.30965,0.466878,-0.951917,4.17527,0.96313,-0.276926,0.295862,0.131717,-0.680274,-0.484515,0.312513,0.452557,0.0659734,-0.0720472,-0.0124267
63.55,-0.0231568,4.43042,1.28261,-1.8156,0.171715,3.55033,0.646235,0.760975,-1.67073,-0.669378,-0.451494,0.339819,0.482295,-1.16071,4.34939,0.964247,-0.495982,0.418986,-0.135349,-0.674192,-0.462785,0.342204,0.462808,0.0492183,0.177186,0.133483
63.9,-0.225917,4.57233,1.31008,-1.64106,0.210048,3.34156,0.606256,0.562046,-1.35757,-0.661143,-0.459437,0.328051,0.494156,-1.31091,4.52375,0.869151,-0.349543,0.5612,-0.390415,-0.664639,-0.460826,0.34396,0.47706,-0.115541,-0.0280649,-0.456439
64.2,-0.318382,4.76088,1.23282,-1.6186,0.0707938,3.462,0.598396,-0.58122,0.553638,-0.676959,-0.470622,0.30687,0.47547,-1.40522,4.68715,0.74885,-0.294876,0.518877,-0.320441,-0.67323,-0.47512,0.318878,0.468336,0.0185005,-0.51187,0.105558
64.3,-0.319895,4.78863,1.17386,-1.63445,0.05921,3.54886,-1.11852,0.422647,1.94477,-0.686637,-0.475358,0.298687,0.461898,-1.43349,4.73873,0.720751,-0.302114,0.522689,-0.253695,-0.683651,-0.481615,0.308293,0.453458,0.00802851,-0.45951,0.092293
64.6,-0.383777,4.93488,1.01703,-1.84206,0.105296,3.71698,0.282155,-0.424057,-0.809105,-0.681196,-0.465859,0.309657,0.472292,-1.56979,4.91262,0.685417,-0.564429,0.618102,-0.099397,-0.684241,-0.480189,0.30773,0.45446,-0.0352557,0.186262,-0.0759567
65.05,-0.608056,5.29851,1.00541,-1.9112,0.0859097,3.96199,-0.684731,0.798484,2.66664,-0.676924,-0.459424,0.317845,0.479247,-1.87716,5.2053,0.635109,-0.782839,0.674192,0.079453,-0.680725,-0.4761,0.312966,0.460429,0.00802851,0.0969007,0.0587827
65.2,-0.721526,5.38989,1.0614,-1.84208,0.0825937,4.07023,-0.119734,1.13521,-1.30472,-0.680071,-0.447463,0.320296,0.484449,-1.99444,5.30609,0.656286,-0.754953,0.664048,0.189284,-0.682125,-0.461755,0.319156,0.468645,-0.156032,0.140883,0.204692
65.35,-0.811226,5.5077,1.10578,-1.81375,0.122225,4.03976,1.64314,0.106554,1.00987,-0.690428,-0.423281,0.314172,0.495418,-2.10856,5.40673,0.683534,-0.757527,0.686912,0.153486,-0.69306,-0.435133,0.316126,0.479992,-0.367566,0.0675791,0.31779
65.45,-0.868032,5.59119,1.12069,-1.74594,0.122068,3.9839,0.574608,-0.578471,-1.38345,-0.700269,-0.402431,0.305812,0.504134,-2.18196,5.47636,0.697111,-0.703907,0.704748,0.106145,-0.702789,-0.411317,0.310351,0.490498,-0.461814,0.214187,0.302431
65.55,-0.923916,5.67335,1.13336,-1.67183,0.116508,3.92579,0.396224,-1.62121,-0.595884,-0.709776,-0.381443,0.293436,0.514407,-2.25028,5.54922,0.704661,-0.645861,0.736572,0.048923,-0.711701,-0.387361,0.300387,0.503191,-0.572817,0.229546,0.135577
65.6,-0.940704,5.71906,1.14037,-1.66487,0.116412,3.93301,0.147092,-0.531956,0.0748094,-0.711126,-0.373373,0.287012,0.522031,-2.28244,5.58637,0.707172,-0.643301,0.748796,0.055756,-0.713477,-0.377886,0.293753,0.511724,-0.485551,0.175091,-0.0159174
65.75,-1.01845,5.83718,1.16454,-1.56874,0.0489932,3.9667,0.326084,-0.636782,-0.78588,-0.718551,-0.358676,0.264748,0.533803,-2.37073,5.69892,0.718125,-0.546857,0.735739,0.095737,-0.718021,-0.359433,0.274588,0.529013,-0.233525,-0.0790285,0.0727453
65.9,-1.06314,5.96675,1.18129,-1.5431,0.000565314,4.12034,-0.0649855,-0.162513,-0.100254,-0.727863,-0.350549,0.250737,0.533351,-2.44868,5.80988,0.744095,-0.497849,0.721438,0.244559,-0.725446,-0.351372,0.259549,0.531883,-0.116239,-0.0385369,0.028763
65.95,-1.08066,6.00087,1.205,-1.52353,-0.0143636,4.15854,0.770455,0.174683,-0.38543,-0.729654,-0.349127,0.247778,0.533217,-2.47277,5.8456,0.757424,-0.471352,0.710212,0.279373,-0.726361,-0.349323,0.257091,0.533176,-0.151844,0.0396539,0.0336499
66.25,-1.17225,6.20579,1.31216,-1.49033,-0.0843649,4.06935,0.929427,-0.88781,-2.53597,-0.739169,-0.349097,0.23727,0.524845,-2.59578,6.04679,0.836508,-0.36355,0.642039,0.176622,-0.733752,-0.348125,0.247392,0.528408,-0.0450295,-0.109746,-0.0466352
66.6,-1.24012,6.43604,1.38716,-1.51387,-0.0868439,3.93472,-1.03113,0.116815,-2.48989,-0.73807,-0.348784,0.245694,0.522721,-2.71437,6.26591,0.87073,-0.300058,0.611941,0.015535,-0.732808,-0.348777,0.254534,0.525889,0.0506145,0.0710698,0.0455182
66.85,-1.30638,6.56165,1.46495,-1.4781,-0.0689808,4.03262,1.26961,-0.255566,0.500194,-0.733165,-0.34625,0.251448,0.528539,-2.77382,6.41629,0.879073,-0.186997,0.614415,0.088965,-0.727597,-0.343029,0.264941,0.531733,-0.0499164,-0.0804248,-0.108071
67.05,-1.34465,6.68126,1.47666,-1.45127,-0.0692178,3.98481,-0.316791,0.508938,0.22593,-0.739168,-0.34508,0.236806,0.527705,-2.8002,6.53842,0.896222,-0.079502,0.606264,0.028446,-0.732443,-0.340091,0.253163,0.532704,-0.223053,0.0131249,0.0692547
67.3,-1.36624,6.82284,1.43095,-1.44244,-0.0897113,3.81058,-1.10023,0.0209756,0.934292,-0.754615,-0.310537,0.207723,0.53942,-2.80435,6.68723,0.875251,0.023298,0.596407,-0.168344,-0.749175,-0.304503,0.22563,0.543236,-0.505098,0.00684169,0.144653
67.5,-1.38279,6.9442,1.42561,-1.42849,-0.135859,3.74169,0.0522215,-0.293384,-1.34899,-0.771884,-0.269446,0.178316,0.547537,-2.79025,6.80154,0.83324,0.109881,0.549927,-0.251296,-0.764741,-0.262268,0.196064,0.554929,-0.565836,0.0724661,0.117426
67.6,-1.37742,7.00557,1.42098,-1.42958,-0.156841,3.7199,-0.534828,-0.594882,0.531678,-0.780532,-0.247794,0.162907,0.550299,-2.77707,6.85527,0.805724,0.146158,0.530167,-0.287147,-0.772666,-0.239925,0.179356,0.559692,-0.568628,-0.0462163,0.176767
67.75,-1.38671,7.09492,1.41542,-1.45045,-0.189723,3.81485,-0.305079,-0.587206,2.84338,-0.78985,-0.218036,0.144026,0.554845,-2.75295,6.93311,0.767521,0.17984,0.495786,-0.20604,-0.781534,-0.209909,0.158121,0.56581,-0.382925,-0.0273668,0.115331
68.05,-1.30791,7.21307,1.35346,-1.54271,-0.152828,4.04917,-0.374496,-0.0659597,0.292385,-0.809605,-0.195589,0.120269,0.540204,-2.69491,7.07358,0.737434,0.175715,0.480909,0.032907,-0.803419,-0.191029,0.127626,0.549306,-0.0673697,-0.156521,-0.0515221
68.4,-1.29042,7.40429,1.3901,-1.62994,-0.0712894,4.33759,-0.097077,0.0819821,-0.0670049,-0.791934,-0.190394,0.126892,0.566118,-2.63999,7.24728,0.808353,0.143131,0.490783,0.318727,-0.788747,-0.18913,0.129149,0.570463,0.058294,0.173695,0.0217817
68.7,-1.23729,7.49913,1.54131,-1.6396,-0.108372,4.5447,-0.367206,0.602431,0.765421,-0.794133,-0.198498,0.133283,0.558738,-2.59374,7.38251,0.927748,0.155802,0.429141,0.503438,-0.788226,-0.197956,0.134761,0.566879,0.0701622,0.0731642,0.055292
69,-1.21739,7.63841,1.66382,-1.59154,-0.150699,4.39619,-1.09099,0.8018,0.0650714,-0.793557,-0.183774,0.126229,0.566181,-2.53414,7.49887,1.06083,0.235192,0.347191,0.339641,-0.784594,-0.180671,0.131938,0.578241,-0.174882,0.00335103,0.0385369
69.35,-1.20824,7.78842,1.68056,-1.54749,-0.212072,4.09227,-0.262046,0.837767,-0.303092,-0.800544,-0.162845,0.102355,0.567569,-2.44115,7.60153,1.12151,0.330279,0.214771,0.018838,-0.78825,-0.156978,0.111566,0.584442,-0.39968,-0.028763,0.143257
69.45,-1.19361,7.8238,1.67145,-1.54677,-0.209507,4.03079,0.508249,0.432662,-0.586042,-0.804299,-0.145218,0.0895732,0.569202,-2.40727,7.6215,1.12007,0.347526,0.190892,-0.048015,-0.792728,-0.138457,0.0986682,0.585385,-0.495324,0.0180118,0.187239
69.5,-1.18625,7.84242,1.6684,-1.54931,-0.204369,4.02088,-0.27564,-0.0135982,-1.0456,-0.806352,-0.134843,0.0833708,0.569792,-2.38958,7.63095,1.11729,0.357842,0.184007,-0.060905,-0.795611,-0.127792,0.090874,0.585161,-0.518363,-0.106256,0.208881
69.6,-1.17371,7.88146,1.66731,-1.546,-0.235989,3.98786,-0.106663,-0.103251,1.18468,-0.814052,-0.114773,0.0658797,0.565514,-2.35264,7.64658,1.10866,0.38216,0.126421,-0.110607,-0.801931,-0.106234,0.0731914,0.583322,-0.552571,-0.0636696,0.145351
69.8,-1.1224,7.94212,1.6438,-1.59408,-0.210573,3.92861,0.636563,0.180042,-0.441759,-0.823785,-0.0794115,0.0424881,0.559703,-2.27842,7.66705,1.07804,0.361612,0.089047,-0.186635,-0.812626,-0.071281,0.0463858,0.576546,-0.320093,0.000558505,0.0315556
70.1,-1.03351,8.00596,1.63775,-1.64429,-0.150731,4.1714,-0.0572275,0.437131,1.09185,-0.819292,-0.0564001,0.0297609,0.56982,-2.17453,7.69049,1.05215,0.335498,0.058986,0.022334,-0.808829,-0.0496587,0.0297448,0.585188,-0.0506145,0.150657,0.0699528
70.8,-0.802016,8.0131,1.69665,-1.67565,-0.111727,4.19635,-0.376896,0.0448804,-1.19664,-0.814841,-0.0654271,0.0419489,0.574451,-1.95122,7.66606,1.13368,0.308091,-0.101586,0.010254,-0.805616,-0.0609144,0.0387541,0.588023,0.084823,0.0354651,0.0538958
71.2,-0.692939,7.88885,1.7325,-1.53747,-0.161152,4.02955,0.10573,0.298694,0.626431,-0.814805,-0.0233189,0.0160162,0.579045,-1.79901,7.59941,1.10188,0.485515,-0.235002,-0.18552,-0.802874,-0.0105297,0.02641,0.595471,-0.591667,-0.10835,0.0825192
71.35,-0.611012,7.85331,1.75005,-1.53111,-0.194006,3.9852,-1.11572,1.04664,-1.17769,-0.821393,0.00833635,-0.0237588,0.569807,-1.72181,7.56008,1.07403,0.537767,-0.300207,-0.222378,-0.808284,0.0238044,-0.0117815,0.588194,-0.761313,-0.0671603,0.179559
71.5,-0.548954,7.77037,1.76174,-1.56552,-0.210798,3.91507,0.137556,-0.0628452,-0.638396,-0.829556,0.0509436,-0.0578122,0.553082,-1.64137,7.50699,1.03432,0.53672,-0.35494,-0.291578,-0.815919,0.0677163,-0.0469807,0.572262,-0.679631,-0.241693,0.187239
71.55,-0.526754,7.74374,1.75913,-1.58384,-0.180317,3.92266,-1.12567,1.51078,0.0498708,-0.829884,0.0635054,-0.0649696,0.550489,-1.61469,7.48968,1.02027,0.530243,-0.340208,-0.28484,-0.817225,0.0807772,-0.0566386,0.567812,-0.572817,-0.162106,0.185843
71.8,-0.446401,7.60871,1.75606,-1.59389,-0.0177242,4.12525,1.17697,0.147454,1.38536,-0.831349,0.106679,-0.0869469,0.53844,-1.48433,7.41727,0.970654,0.537319,-0.223025,-0.091836,-0.823734,0.122504,-0.0831054,0.54731,-0.280998,-0.1272,-0.0117286
72.2,-0.235171,7.5656,1.70078,-1.6044,0.193034,4.26879,0.401735,0.529551,0.312598,-0.820805,0.112161,-0.095667,0.551858,-1.26749,7.37562,0.99856,0.5475,-0.003718,0.038015,-0.819038,0.126448,-0.0955314,0.551418,0.0380482,0.131109,-0.0703717
72.55,-0.0667207,7.63781,1.65595,-1.66038,0.189257,4.30115,-0.554447,-0.813633,0.190832,-0.805697,0.0994117,-0.0893097,0.577056,-1.07988,7.39189,0.986792,0.502145,0.044968,0.049089,-0.804335,0.110466,-0.093591,0.576267,0.0799361,0.0759567,-0.0571072
72.95,0.0906342,7.66676,1.75834,-1.72257,0.0880368,4.35235,1.44139,0.0826344,-2.36409,-0.806567,0.0899817,-0.0801888,0.578725,-0.896955,7.39415,1.03792,0.410801,-0.042117,0.065005,-0.800236,0.0991921,-0.0865941,0.585051,0.0359538,0.0361632,-0.0410501
73.6,0.312688,7.7819,1.68109,-1.71743,-0.010806,4.50422,-0.20438,0.0292282,0.862272,-0.810516,0.127472,-0.106753,0.561622,-0.655713,7.29386,1.02131,0.353345,-0.261244,0.126338,-0.79921,0.138861,-0.108839,0.574574,-0.398982,-0.023178,0.060179
73.85,0.411439,7.82315,1.63738,-1.73749,0.0212252,4.51166,-0.407766,-0.563349,1.25536,-0.808162,0.16829,-0.127818,0.549741,-0.573456,7.22298,1.06098,0.306073,-0.286143,0.121093,-0.796959,0.17873,-0.13285,0.561482,-0.259356,-0.126501,0.116029
74.35,0.602295,7.80922,1.61438,-1.75284,0.055951,4.2992,0.969308,-1.2683,-1.31106,-0.790728,0.189324,-0.149055,0.562751,-0.434145,7.09001,1.0532,0.233846,-0.285326,-0.109682,-0.779532,0.200598,-0.154319,0.572954,0.015708,0.140185,0.0531976
74.45,0.638894,7.8257,1.62018,-1.75192,0.0255976,4.30058,0.274641,-0.0488234,1.93857,-0.788406,0.193237,-0.152028,0.563882,-0.410917,7.05901,1.0412,0.228775,-0.332124,-0.125322,-0.776107,0.205481,-0.155898,0.57544,-0.130202,0.087825,0.0943874
74.8,0.798115,7.82668,1.57305,-1.80416,-0.0869533,4.37399,0.129622,1.64364,-1.86613,-0.791919,0.231448,-0.167074,0.539799,-0.344474,6.9086,1.01806,0.160281,-0.517185,-0.071969,-0.774501,0.244302,-0.169905,0.558209,-0.246091,-0.224938,0.17188
74.95,0.832154,7.76376,1.52761,-1.7591,-0.0622177,4.19719,0.721893,0.956212,-1.04973,-0.792047,0.249282,-0.176528,0.528543,-0.318256,6.83152,0.994512,0.191217,-0.515671,-0.257037,-0.775924,0.264758,-0.176186,0.544797,-0.274715,-0.0336499,0.136275
75.15,0.826297,7.63642,1.54709,-1.69701,-0.0253361,4.20842,0.404204,-0.838865,0.822283,-0.78093,0.278425,-0.197926,0.522928,-0.273512,6.72686,0.933911,0.258414,-0.520044,-0.260698,-0.766354,0.29794,-0.192412,0.53564,-0.308225,0.0808437,0.0999725
75.4,0.899007,7.49928,1.53364,-1.67647,0.0163867,4.47656,0.391869,0.451394,0.803407,-0.773571,0.296711,-0.217461,0.516006,-0.202494,6.59253,0.899457,0.303557,-0.538942,-0.007249,-0.760782,0.316469,-0.213283,0.524946,-0.125315,-0.0636696,0.0252724
75.75,0.973986,7.29754,1.54047,-1.60073,0.13633,4.66948,1.14013,0.481852,-0.107011,-0.768834,0.297555,-0.22234,0.520501,-0.0769211,6.42368,0.945175,0.399408,-0.429402,0.170475,-0.761072,0.316912,-0.219255,0.521789,0.0457276,0.200922,-0.0592016
75.95,1.08086,7.34582,1.56326,-1.61246,0.130225,4.5562,-0.542669,0.0907041,-2.61628,-0.757042,0.288143,-0.227427,0.540498,0.00446185,6.3398,0.96997,0.406033,-0.425923,0.052417,-0.748854,0.307284,-0.22505,0.542353,0.0122173,0.233734,-0.102486
76.3,0.952559,7.1956,1.49589,-1.73869,0.0580386,4.398,-0.298934,0.150886,0.0151303,-0.755917,0.286448,-0.217237,0.547124,0.126689,6.1723,0.946046,0.286322,-0.54796,-0.133012,-0.74282,0.301744,-0.219895,0.555712,0.0575959,0.0194081,0.136275
76.6,0.897231,7.00398,1.45753,-1.74122,0.0209837,4.48135,0.333596,0.694046,-0.399674,-0.76771,0.293943,-0.205685,0.530954,0.206003,5.98649,0.925232,0.26051,-0.66656,-0.068439,-0.752734,0.31063,-0.205658,0.542775,0.00872665,-0.258448,0.0343481
76.9,0.856545,6.78936,1.39602,-1.66496,0.0386239,4.39095,-0.0312421,0.0547202,0.474901,-0.769021,0.294623,-0.209672,0.527107,0.296141,5.78177,0.886996,0.347438,-0.689675,-0.184708,-0.756213,0.316007,-0.202339,0.536042,-0.0799361,0.0689754,0.0301593
77.15,0.77143,6.60574,1.34822,-1.60494,0.0382039,4.47082,0.463587,-0.336716,0.53868,-0.76916,0.305669,-0.206963,0.521657,0.393921,5.60448,0.83949,0.458756,-0.73757,-0.115174,-0.755905,0.329765,-0.195439,0.530723,-0.0813323,-0.0141023,-0.0598997
77.3,0.742201,6.47633,1.3216,-1.58398,0.056515,4.5919,0.465432,0.797489,0.28305,-0.769928,0.299067,-0.221197,0.518499,0.467976,5.49141,0.833207,0.52998,-0.75607,0.005499,-0.758749,0.324804,-0.207812,0.524992,-0.111352,-0.049707,-0.131109
77.5,0.910075,6.39968,1.29491,-1.60255,0.117273,4.51314,-0.545046,0.118528,0.936158,-0.76926,0.296581,-0.229796,0.517177,0.578758,5.34148,0.828766,0.568361,-0.727476,-0.073761,-0.761367,0.318877,-0.22157,0.519177,-0.0310669,0.0438427,-0.0592016
77.65,0.842061,6.28257,1.27271,-1.61249,0.165659,4.4813,0.348618,0.0572032,0.39123,-0.76862,0.295743,-0.233204,0.517083,0.665592,5.2361,0.815094,0.585376,-0.676388,-0.109096,-0.76378,0.315519,-0.228353,0.514726,-0.0701622,0.0256912,-0.180676
77.85,0.931277,6.19215,1.15584,-1.65298,0.239373,4.45151,-0.767833,-0.405525,1.73417,-0.765679,0.294569,-0.236426,0.520642,0.78164,5.111,0.789038,0.56662,-0.56879,-0.154626,-0.764925,0.308992,-0.23878,0.512249,-0.0101229,0.0843343,-0.061296
78.1,0.953333,6.00831,1.11759,-1.72492,0.297389,4.3897,1.46664,0.746534,0.75084,-0.756394,0.29592,-0.236041,0.533465,0.914156,4.98476,0.741604,0.477703,-0.446825,-0.235106,-0.756649,0.30488,-0.245684,0.523612,0.0617847,0.137392,0.177465
78.4,1.1434,6.02194,1.17533,-1.80757,0.240773,4.35322,-0.518031,-1.16451,-0.161262,-0.751177,0.300275,-0.22933,0.541272,1.03967,4.85564,0.656652,0.349047,-0.428082,-0.295396,-0.747244,0.307988,-0.240725,0.537421,0.0010472,-0.131388,0.0175929
78.65,1.16962,5.88958,1.13272,-1.80629,0.225633,4.54581,-0.227123,1.41702,0.606534,-0.76189,0.300616,-0.228075,0.526436,1.11606,4.7496,0.602392,0.283525,-0.404638,-0.11978,-0.757318,0.309322,-0.238081,0.523553,-0.0296706,0.0640885,-0.0201062
78.75,1.21836,5.88964,1.12512,-1.80437,0.22432,4.53467,0.185126,-0.143946,0.32763,-0.761562,0.300571,-0.228922,0.52657,1.14263,4.70999,0.589846,0.259084,-0.386526,-0.134833,-0.756635,0.309726,-0.238353,0.524177,-0.0198968,0.158336,-0.0270875
78.85,1.26577,5.88886,1.12032,-1.81319,0.230704,4.47899,0.304697,0.871881,0.669941,-0.759708,0.300976,-0.230346,0.528392,1.16693,4.67222,0.573906,0.226329,-0.368802,-0.195986,-0.75437,0.309462,-0.2408,0.526474,-0.0254818,-0.0141023,0.0364425
79.15,1.32582,5.80057,1.02685,-1.83775,0.232874,4.34265,0.377475,-0.257806,-0.961864,-0.76349,0.30597,-0.230542,0.519918,1.22006,4.56937,0.491833,0.130972,-0.318347,-0.345958,-0.757123,0.314197,-0.241358,0.519415,-0.0226893,-0.199805,0.0161967
79.45,1.34228,5.72917,0.904064,-1.77585,0.291981,4.34633,0.469222,0.278,-0.0680243,-0.770681,0.310785,-0.227708,0.507556,1.25631,4.48925,0.379077,0.122567,-0.195002,-0.366509,-0.767236,0.31969,-0.237788,0.502598,0.00663225,-0.227032,-0.0361632
79.65,1.34241,5.70007,0.841501,-1.7079,0.371888,4.51076,-0.170495,-0.446577,-1.13989,-0.775008,0.31285,-0.225162,0.500789,1.28499,4.46396,0.32164,0.164594,-0.042154,-0.218113,-0.776387,0.322743,-0.233509,0.488399,0.00244346,0.142279,-0.0536165
79.95,1.43631,5.7388,0.829552,-1.70957,0.413914,4.40493,-0.622286,0.196725,0.801577,-0.754856,0.29704,-0.246111,0.530461,1.34124,4.48088,0.237928,0.155918,0.12427,-0.361311,-0.757672,0.304984,-0.256601,0.516793,-0.0408407,0.247697,-0.206507
80.55,1.71309,5.74313,0.7853,-1.87567,0.298575,4.5088,0.751709,-0.487957,0.405126,-0.753813,0.305234,-0.23309,0.533167,1.33777,4.59636,-0.0174883,-0.154581,0.200869,-0.316112,-0.746882,0.308984,-0.249151,0.533498,0.0254818,-0.0224798,0.00781908
81.05,1.55673,5.73732,0.776557,-1.84108,0.17028,4.93509,0.11367,0.909447,2.09363,-0.752847,0.311023,-0.220597,0.536491,1.22343,4.6834,-0.0800133,-0.27341,0.113548,0.057602,-0.742207,0.318302,-0.23134,0.54249,0.0464258,-0.00502655,0.0811229
81.65,1.37418,5.70989,0.833785,-1.81945,0.13681,4.84561,0.488975,1.28433,-0.378534,-0.770556,0.298963,-0.240571,0.508911,1.03493,4.69194,-0.0381823,-0.376683,-0.00736,-0.071261,-0.757523,0.310696,-0.245203,0.519137,-0.0429351,-0.193522,0.0580846
82,1.23938,5.69751,0.825398,-1.697,0.174552,4.73393,0.864308,-0.706023,-1.66202,-0.7606,0.319229,-0.218274,0.521476,0.908361,4.69934,-0.0863213,-0.303683,0.012534,-0.207801,-0.750349,0.335035,-0.216178,0.527252,-0.0150098,-0.0957837,-0.0647866
82.2,1.17357,5.68768,0.807592,-1.61848,0.166537,4.77548,-0.0601437,-0.627793,2.05083,-0.765714,0.322004,-0.217054,0.512722,0.856704,4.69829,-0.131877,-0.202144,-0.016071,-0.192356,-0.756008,0.342198,-0.208186,0.517698,0.0575959,-0.159314,0.176069
82.55,1.2241,5.69843,0.779922,-1.501,0.232647,4.75261,-0.307674,1.11639,0.171724,-0.774286,0.30259,-0.247089,0.497862,0.834152,4.6896,-0.185262,0.019107,0.015296,-0.239609,-0.770719,0.325522,-0.233694,0.495394,-0.0568977,-0.104161,-0.266547
82.65,1.24198,5.69952,0.759844,-1.49898,0.29267,4.72181,-1.4914,1.17496,-0.0203616,-0.777054,0.30017,-0.251365,0.49285,0.838245,4.69435,-0.211432,0.053965,0.081621,-0.280147,-0.776207,0.32203,-0.238477,0.486752,-0.0876155,-0.167691,-0.0864287
82.9,1.33194,5.72355,0.744043,-1.49363,0.463836,4.76764,-0.279586,0.786428,1.68401,-0.775305,0.297129,-0.254159,0.496004,0.86244,4.74481,-0.287508,0.13261,0.320352,-0.272286,-0.781198,0.313934,-0.247328,0.479588,-0.0966912,0.0982969,-0.320303
83.15,1.44966,5.78126,0.773852,-1.60584,0.630671,4.99336,-1.2367,-0.0887372,0.72777,-0.764115,0.281944,-0.267995,0.514602,0.893766,4.86748,-0.332762,0.080988,0.628546,-0.084132,-0.773252,0.290314,-0.271878,0.493843,-0.0548033,0.331473,-0.0836362
83.35,1.32089,5.79617,0.833526,-1.74401,0.695092,5.11179,-0.851543,0.183996,1.86529,-0.755053,0.288066,-0.250862,0.532899,0.895166,5.01002,-0.339499,-0.057009,0.782314,0.015984,-0.763208,0.290465,-0.263491,0.513533,0.140674,0.217677,0.168389
83.45,1.24488,5.79485,0.839266,-1.80028,0.66119,4.98575,-0.417092,-0.289727,-2.60515,-0.753097,0.290202,-0.242981,0.538134,0.886582,5.08575,-0.341565,-0.121581,0.761142,-0.093035,-0.758218,0.291799,-0.256695,0.523514,0.117635,0.18696,0.127898
83.55,1.16874,5.80738,0.85739,-1.82956,0.634384,4.83573,-0.313528,-0.750244,0.376217,-0.7535,0.290872,-0.236701,0.540004,0.872464,5.1616,-0.359727,-0.163629,0.762262,-0.252829,-0.756056,0.291524,-0.251578,0.529246,0.103673,0.166714,0.0448201
83.8,0.965564,5.84033,0.905355,-1.89832,0.519812,4.86208,0.291255,0.256518,0.388846,-0.755177,0.291074,-0.219636,0.544742,0.815921,5.35142,-0.433458,-0.280299,0.754511,-0.253677,-0.752908,0.291604,-0.23456,0.541367,0.122522,-0.00991347,0.0943874
83.95,0.851264,5.80381,0.936154,-1.91304,0.446131,4.98916,-0.0457714,0.338692,1.42144,-0.763352,0.284456,-0.219944,0.536659,0.770968,5.46271,-0.464125,-0.327125,0.72556,-0.146928,-0.757762,0.287301,-0.231539,0.538186,0.0185005,-0.0971799,-0.172997
84.15,0.73335,5.91674,0.937804,-1.90867,0.410904,5.14682,-1.22395,-1.64243,1.65601,-0.770723,0.281557,-0.214041,0.529998,0.702833,5.61008,-0.481407,-0.363155,0.735861,-0.0132,-0.763612,0.28558,-0.223602,0.534175,0.068766,-0.170484,0.060179
84.2,0.700016,5.93512,0.951761,-1.91562,0.385323,5.18197,-0.219354,0.106014,1.58285,-0.774791,0.281646,-0.212518,0.524604,0.684137,5.64606,-0.481425,-0.38148,0.710657,0.01799,-0.766761,0.285969,-0.221442,0.530342,0.0219911,-0.24658,-0.0445408
84.35,0.649722,6.04636,0.941923,-1.88661,0.379754,5.26513,1.0451,-1.01624,2.09645,-0.778298,0.28284,-0.20651,0.52116,0.626503,5.75358,-0.470603,-0.387893,0.714858,0.094802,-0.770957,0.288744,-0.212932,0.526224,0.132296,0.0424464,0.245882
84.55,0.661531,6.19013,0.866711,-1.80009,0.366319,5.29731,0.383613,-0.242017,0.95044,-0.770486,0.279022,-0.210678,0.533022,0.556537,5.89823,-0.445174,-0.317607,0.716213,0.127123,-0.763617,0.29101,-0.208306,0.537411,-0.0506145,-0.000837758,-0.135996
84.75,0.598445,6.32073,0.916966,-1.83796,0.33901,5.31738,-0.35137,-0.521583,-1.00712,-0.777872,0.269379,-0.227667,0.520113,0.491002,6.03439,-0.418195,-0.351725,0.670849,0.151842,-0.769738,0.2812,-0.225784,0.526736,-0.0792379,0.0145211,-0.162525
85,0.484793,6.46878,0.99936,-1.86435,0.3994,5.35462,1.25714,0.758515,0.203231,-0.767778,0.276628,-0.225329,0.532185,0.397658,6.21107,-0.377046,-0.405733,0.73335,0.17894,-0.761664,0.284512,-0.228779,0.535332,0.0673697,0.177186,0.365961
85.15,0.465559,6.59199,0.975555,-1.86427,0.360942,5.29383,0.282615,0.169864,-1.05434,-0.764152,0.289134,-0.211652,0.536355,0.334877,6.3188,-0.35312,-0.422166,0.69593,0.114393,-0.755024,0.298566,-0.212951,0.543553,0.0436332,-0.00642281,0.164201
85.2,0.460995,6.62996,0.961997,-1.85513,0.339694,5.27524,0.328744,-0.772459,-1.2893,-0.764697,0.289726,-0.211395,0.535359,0.313996,6.3532,-0.347905,-0.41752,0.674574,0.092925,-0.754403,0.300558,-0.210719,0.544186,-0.00733038,-0.00851721,-0.013823
85.45,0.381249,6.79944,0.963624,-1.83718,0.295224,5.14673,-0.880708,1.33303,-1.19136,-0.765062,0.284654,-0.219618,0.534248,0.212188,6.51032,-0.342181,-0.414026,0.586455,-0.057807,-0.752639,0.296167,-0.218273,0.546055,0.0387463,0.0291819,0.0538958
85.5,0.369868,6.832,0.95432,-1.82815,0.281578,5.15331,0.38829,-1.21714,1.498,-0.764145,0.285094,-0.218328,0.535852,0.191669,6.53938,-0.345434,-0.411078,0.573196,-0.064073,-0.751501,0.296988,-0.21608,0.548045,0.0904081,0.15694,0.106954
85.8,0.344634,7.00179,0.870075,-1.82237,0.199825,5.35572,0.455143,-0.317331,-0.401785,-0.776702,0.280237,-0.217879,0.520317,0.0695249,6.68648,-0.343509,-0.40409,0.416807,0.106423,-0.761343,0.294573,-0.212109,0.537208,-0.0380482,-0.219353,-0.173695
86.1,0.332264,7.13268,0.754162,-1.74629,0.276966,5.31425,1.57484,0.578841,-2.32546,-0.785099,0.291037,-0.196226,0.510305,-0.0459981,6.81445,-0.31184,-0.335397,0.439282,0.04279,-0.776193,0.305699,-0.188367,0.518257,0.0932006,-0.0566883,0.227731
86.4,0.210049,7.10391,0.837696,-1.65545,0.306896,5.24714,-0.354616,0.413678,-2.36276,-0.769343,0.266431,-0.227072,0.534382,-0.115723,6.94816,-0.311119,-0.18652,0.439952,-0.049563,-0.763446,0.285751,-0.213939,0.538263,-0.0596903,0.206507,-0.214885
86.95,0.165174,7.34723,0.723913,-1.73913,0.344207,5.37616,-0.269767,-0.251689,0.0608199,-0.778816,0.2794,-0.205779,0.522528,-0.243687,7.1845,-0.355111,-0.216389,0.438122,0.03985,-0.771786,0.293195,-0.199333,0.527872,0.0185005,-0.100671,0.0462163
87.35,0.171853,7.50352,0.623077,-1.69033,0.374813,5.21618,-0.193742,0.635038,0.579833,-0.776732,0.276382,-0.220451,0.52125,-0.307524,7.35879,-0.368825,-0.116339,0.457463,-0.158906,-0.771687,0.292204,-0.210978,0.524027,-0.00942478,-0.145351,-0.0396539
88.1,-0.16303,7.75909,0.77378,-1.84946,0.54612,5.33003,-0.968723,-0.389245,3.00355,-0.766015,0.276629,-0.243985,0.526468,-0.400154,7.76631,-0.528597,-0.22116,0.681613,-0.094361,-0.762929,0.282114,-0.248682,0.52584,0.0485202,0.138789,0.14954
88.35,-0.291297,7.80445,0.894781,-1.94547,0.49001,5.37026,-0.946249,0.38643,-0.158147,-0.760886,0.290306,-0.227356,0.533934,-0.474978,7.93212,-0.536287,-0.354086,0.64043,-0.042483,-0.754228,0.293129,-0.235629,0.538233,0.0296706,-0.0336499,0.065764
88.65,-0.445384,7.94398,0.96673,-1.96039,0.443781,5.25657,0.0914958,-0.55439,0.961103,-0.76044,0.28955,-0.22965,0.533997,-0.595096,8.11369,-0.567752,-0.449363,0.586027,-0.170485,-0.750025,0.293454,-0.236332,0.543594,-0.0010472,0.0536165,-0.0459371
88.9,-0.598661,8.00366,1.06377,-2.00477,0.404336,5.35941,-0.721367,0.637091,0.797507,-0.751034,0.285582,-0.231674,0.548378,-0.724634,8.24868,-0.606109,-0.583579,0.495273,-0.101122,-0.737705,0.28745,-0.240983,0.56133,0.0785398,-0.0350462,0.139068
89.05,-0.706256,8.00322,1.10768,-2.033,0.301421,5.4658,0.9069,-0.112821,1.31956,-0.751339,0.306122,-0.199431,0.549552,-0.820716,8.31351,-0.614425,-0.677538,0.357943,-0.020507,-0.734138,0.308147,-0.206768,0.568625,0.237714,-0.301034,0.639628
89.25,-0.756476,7.93135,1.21315,-1.88873,0.158727,5.62784,0.254661,-1.79344,2.41588,-0.759478,0.312786,-0.185924,0.53925,-0.947523,8.36466,-0.603668,-0.585757,0.151145,0.116093,-0.738709,0.323152,-0.179901,0.563487,0.122522,-0.122313,0.1272
89.4,-0.765581,8.00484,1.17286,-1.78303,0.0576272,5.63445,0.752748,-1.02329,-2.94976,-0.754167,0.30969,-0.176244,0.5516,-1.02863,8.37468,-0.582938,-0.488219,-0.02391,0.119987,-0.730444,0.32526,-0.161533,0.578415,0.216072,0.191847,0.180258
89.6,-0.804798,7.96834,1.24339,-1.63601,-0.106238,5.59998,1.05143,-1.05081,1.66296,-0.760191,0.298637,-0.161419,0.553958,-1.10983,8.34123,-0.57143,-0.306313,-0.318109,0.043457,-0.731162,0.321044,-0.135232,0.586553,0.33615,-0.125803,0.14186
89.85,-0.934264,7.91967,1.26837,-1.41945,-0.261091,5.82966,1.26496,0.587143,-1.36178,-0.7797,0.254635,-0.143318,0.553795,-1.14696,8.21,-0.537472,0.02929,-0.716175,0.225297,-0.746566,0.286363,-0.102128,0.591782,0.43738,-0.0182911,-0.214187
90.05,-1.0393,7.77928,1.28316,-1.29439,-0.317458,5.84681,0.984974,-0.329515,1.63813,-0.791456,0.215122,-0.113445,0.560759,-1.11506,8.04197,-0.49612,0.292828,-0.975444,0.18441,-0.754876,0.251285,-0.0630206,0.602533,0.657291,0.0375595,0.132087
90.15,-1.09866,7.68416,1.29965,-1.21929,-0.353238,5.96134,1.06139,-0.320032,0.598185,-0.795388,0.191442,-0.0943826,0.567274,-1.0776,7.93713,-0.47496,0.465789,-1.13029,0.265434,-0.755935,0.230131,-0.0375771,0.611711,0.651706,0.0466352,-0.237225
90.3,-1.09877,7.46815,1.29988,-1.10702,-0.398977,6.13075,1.06123,-0.178586,-1.04697,-0.807185,0.140831,-0.0820109,0.567357,-0.985742,7.74793,-0.42572,0.751874,-1.38067,0.383293,-0.766189,0.182392,-0.0192175,0.615888,0.517665,-0.221447,-0.401286
90.45,-1.03429,7.20796,1.29678,-1.0487,-0.382109,6.21499,0.204692,-0.169855,0.0879386,-0.823794,0.0943273,-0.0846346,0.552542,-0.853009,7.52369,-0.362765,0.998094,-1.58286,0.427534,-0.785471,0.136236,-0.0185295,0.603433,0.192335,-0.398773,-0.59397
90.6,-0.886515,6.9519,1.33724,-1.12507,-0.235895,6.16895,-0.735439,0.224309,-0.980237,-0.840892,0.0474122,-0.098756,0.53,-0.694242,7.27912,-0.299341,1.08416,-1.64011,0.390302,-0.810601,0.0829651,-0.0412965,0.57822,0.225846,-0.358979,-0.63167
90.75,-0.852284,6.66897,1.42183,-1.24052,-0.0111401,6.05444,-0.603247,0.882073,0.244035,-0.854482,0.0229445,-0.0917509,0.510799,-0.531079,7.03604,-0.247681,1.09094,-1.58949,0.292789,-0.830054,0.0513054,-0.040347,0.553851,0.16441,-0.390395,-0.18696
90.85,-0.76404,6.50258,1.39322,-1.32509,0.180627,6.00165,-1.28126,1.44649,0.0257724,-0.859882,0.0169105,-0.0849043,0.503099,-0.422584,6.88193,-0.21996,1.07925,-1.49736,0.255573,-0.839364,0.0414333,-0.0364395,0.540763,0.163712,-0.247976,-0.133204
90.95,-0.665396,6.35204,1.36547,-1.39835,0.379477,5.94634,-0.604473,3.18181,-0.145311,-0.863033,0.0135626,-0.0818347,0.49829,-0.314743,6.73707,-0.196564,1.06891,-1.39818,0.216051,-0.84576,0.034893,-0.036014,0.531202,0.0548033,-0.200503,-0.127618
91.1,-0.521156,6.14948,1.31955,-1.51738,0.736945,6.01946,-1.08854,2.40354,-0.208662,-0.868167,0.014052,-0.0813616,0.489356,-0.155738,6.54404,-0.159116,1.0445,-1.16022,0.312294,-0.856493,0.0314687,-0.0388563,0.513732,-0.0506145,-0.217957,-0.152053
91.15,-0.480741,6.08323,1.31166,-1.55502,0.868204,6.06264,-1.15529,2.67955,1.43675,-0.869978,0.0135764,-0.0838153,0.485725,-0.103817,6.48813,-0.142866,1.03517,-1.05832,0.35742,-0.86021,0.0298847,-0.0423279,0.507301,-0.172089,-0.145351,-0.246999
91.3,-0.356223,5.91601,1.34999,-1.72985,1.22386,6.16059,-1.56675,2.67033,-0.937328,-0.86519,0.0062612,-0.0984374,0.491647,0.0453459,6.35155,-0.0793693,0.939965,-0.771968,0.479082,-0.860245,0.0191,-0.0625864,0.505664,-0.146957,-0.0120079,-0.219772
91.45,-0.240072,5.78406,1.36535,-1.90538,1.54343,6.1232,-0.434313,2.56043,-0.49558,-0.858238,0.00592066,-0.104832,0.502397,0.176768,6.25772,-0.00821827,0.813231,-0.488764,0.44961,-0.857224,0.0145584,-0.0753466,0.509194,-0.149749,0.109467,-0.233734
91.6,-0.14562,5.69333,1.40079,-2.10813,1.7687,5.95871,-1.77453,1.67241,-1.35654,-0.841747,0.000607352,-0.112889,0.527937,0.286942,6.20181,0.0478527,0.645625,-0.273407,0.284458,-0.844036,0.00388315,-0.0917339,0.528368,-0.0715585,0.458533,0.0294612
91.65,-0.122873,5.68792,1.42703,-2.17984,1.80775,5.8836,-1.41233,0.638047,-0.65971,-0.834364,0.00540036,-0.106261,0.540848,0.317456,6.1892,0.0598887,0.579363,-0.235015,0.204813,-0.836308,0.00670706,-0.0884891,0.54103,0.0457276,0.658897,0.224938
91.8,-0.0921418,5.62771,1.4726,-2.31637,1.879,5.58973,-0.599589,0.357175,-3.04275,-0.814801,0.0243785,-0.0794265,0.573756,0.393303,6.16046,0.0681457,0.444106,-0.169008,-0.096852,-0.816495,0.020703,-0.0690671,0.572833,0.122522,0.318208,0.282185
92.1,-0.0771992,5.52342,1.56133,-2.45262,1.90236,5.53174,0.0561198,0.805861,-0.507721,-0.824107,0.027688,-0.0418603,0.564207,0.499725,6.11098,-0.00394727,0.265781,-0.139804,-0.196162,-0.824976,0.0165966,-0.0423285,0.563336,0.274715,-0.0343481,-0.241414
92.4,-0.0538353,5.47961,1.60419,-2.4953,2.00396,5.79732,1.09454,0.327971,0.822679,-0.83746,-0.0108189,-0.0198714,0.546031,0.556091,6.08916,-0.0294323,0.116686,0.00191,0.025352,-0.84041,-0.0248429,-0.0228438,0.5409,0.147655,-0.350602,-0.130411
92.9,-0.100325,5.57093,1.54546,-2.57126,2.16069,5.79832,-0.220455,-0.348607,-0.540202,-0.815181,-0.025009,-0.00353557,0.578655,0.545219,6.20647,-0.0211793,-0.158566,0.381485,-0.038749,-0.826075,-0.0438691,-0.0110678,0.561741,0.0471239,0.321699,-0.0319744
93.05,-0.11659,5.61865,1.5876,-2.59092,2.10243,5.86661,0.22612,-0.653143,2.57561,-0.81359,-0.0265729,-0.00271921,0.580825,0.515734,6.26513,-0.0238033,-0.241083,0.398706,0.008779,-0.82038,-0.0463734,-0.0111018,0.569827,0.0191986,-0.0755379,-0.112958
93.55,-0.286806,5.84123,1.63722,-2.59713,1.98179,5.63977,-0.00658988,0.719621,0.59184,-0.817146,-0.0109733,0.025389,0.575767,0.333856,6.47946,-0.0680653,-0.453101,0.413482,-0.239835,-0.818356,-0.02966,0.0182232,0.573657,0.249582,0.0361632,0.193522
93.75,-0.380639,5.93355,1.64815,-2.49226,1.92877,5.53512,-0.16922,-0.356212,0.695896,-0.816707,-0.0274783,0.0393521,0.575053,0.247434,6.55929,-0.128132,-0.403621,0.386783,-0.355787,-0.815267,-0.0401796,0.0412841,0.576212,0.227242,-0.0148004,-0.0431445
93.9,-0.451697,5.9978,1.6195,-2.41765,1.90283,5.4664,0.747027,0.798769,-0.860316,-0.821283,-0.0429013,0.040156,0.567486,0.190754,6.61725,-0.18666,-0.349837,0.381257,-0.440251,-0.817354,-0.0515879,0.0488691,0.571737,0.156731,-0.379923,0.00223402
94.2,-0.542824,6.01826,1.45528,-2.32575,2.0048,5.77756,0.643989,0.346434,1.26721,-0.838358,-0.0588916,0.0372655,0.540646,0.102558,6.75047,-0.287478,-0.244814,0.5533,-0.187941,-0.839295,-0.0637255,0.0531758,0.537304,-0.0575959,-0.0992743,-0.113656
94.6,-0.595477,6.22602,1.22457,-2.48931,2.21421,6.0292,-0.562596,-0.164668,1.39017,-0.817203,-0.0812147,0.0171661,0.570341,-0.0103741,7.04414,-0.300594,-0.398327,0.842359,0.030465,-0.824862,-0.0933719,0.0232947,0.557084,0.153938,0.25049,-0.142977
94.7,-0.625954,6.30405,1.25981,-2.53373,2.19046,5.96632,-0.538712,0.0335412,-0.332255,-0.809991,-0.088469,0.0234363,0.579257,-0.0532551,7.12424,-0.298553,-0.458489,0.804985,-0.018141,-0.815885,-0.104457,0.0253484,0.568135,0.149051,0.147166,-0.178582
94.9,-0.71435,6.46312,1.30573,-2.61792,2.08534,5.85684,-0.166091,-0.217662,-2.47202,-0.801804,-0.103756,0.0448358,0.5868,-0.158082,7.27936,-0.311732,-0.592061,0.742236,-0.125059,-0.802625,-0.12404,0.0416009,0.581959,0.395492,0.196734,0.169087
95.05,-0.830468,6.54784,1.32841,-2.6026,2.00052,5.76417,0.389942,-0.110299,-0.304945,-0.802175,-0.106653,0.0880676,0.580848,-0.251095,7.38803,-0.338439,-0.624229,0.692786,-0.231356,-0.7993,-0.126344,0.0867652,0.581058,0.538609,-0.111143,0.333847
95.25,-1.00702,6.60682,1.3073,-2.48393,1.96683,5.71468,0.124359,0.451157,1.68756,-0.80678,-0.140299,0.113853,0.562548,-0.369287,7.52284,-0.392777,-0.542693,0.667695,-0.298099,-0.801646,-0.154469,0.121651,0.564539,0.298451,-0.10835,-0.506006
95.4,-1.12674,6.64151,1.25315,-2.46867,1.95667,5.68152,0.14095,0.743416,-0.209851,-0.801344,-0.18683,0.107053,0.558106,-0.449508,7.62177,-0.440167,-0.535806,0.646712,-0.339665,-0.794754,-0.200906,0.116356,0.560771,0.369661,-0.101369,-0.529044
95.5,-1.19432,6.68099,1.20662,-2.50743,1.94887,5.73407,0.315958,-1.15282,-0.264454,-0.795435,-0.214792,0.109239,0.55607,-0.505045,7.68607,-0.472902,-0.580999,0.637954,-0.296995,-0.788223,-0.231625,0.116483,0.558109,0.345226,-0.0908967,-0.54929
95.6,-1.26862,6.72402,1.17746,-2.56377,1.90294,5.8219,-0.332077,-1.12385,0.0835345,-0.791188,-0.236816,0.119236,0.551111,-0.566245,7.74763,-0.499121,-0.64321,0.581007,-0.21856,-0.781851,-0.257201,0.122989,0.554464,0.484154,0.0487296,-0.248395
95.8,-1.42738,6.80181,1.13067,-2.62847,1.92279,5.99792,0.377503,-0.588271,1.04139,-0.782603,-0.2545,0.163052,0.544221,-0.707575,7.85976,-0.529094,-0.756286,0.560639,-0.054568,-0.774209,-0.279748,0.162625,0.543962,0.31381,-0.0196873,0.0825192
96.05,-1.64279,6.85135,1.2098,-2.55687,1.91735,6.11163,0.875241,0.197485,0.371602,-0.779437,-0.263651,0.190793,0.535317,-0.89804,7.99693,-0.524156,-0.736911,0.533791,0.055113,-0.769934,-0.285045,0.197278,0.535754,0.167901,0.0417483,0.0999725
96.25,-1.81056,6.92011,1.20928,-2.50552,1.93824,5.83704,0.380438,-0.24825,-0.110365,-0.774515,-0.276728,0.181336,0.539135,-1.04257,8.10564,-0.537155,-0.704491,0.550912,-0.214879,-0.7647,-0.294328,0.19377,0.539498,-0.0792379,0.0312763,-0.186262
96.35,-1.8734,6.9891,1.20709,-2.50673,1.91847,5.76612,0.567614,0.0333257,0.607432,-0.772898,-0.280966,0.175377,0.54123,-1.11356,8.16031,-0.563317,-0.708197,0.531685,-0.290426,-0.761621,-0.298506,0.187619,0.543716,-0.0101229,0.0801455,-0.137392
96.65,-2.09943,7.1249,1.21172,-2.52372,1.79948,5.97403,-0.894863,-0.724356,0.995867,-0.752436,-0.292724,0.200951,0.554772,-1.33208,8.29509,-0.623628,-0.716922,0.343686,-0.088841,-0.735792,-0.312692,0.208976,0.563173,0.354302,0.19813,0.0608771
96.85,-2.22892,7.10818,1.27801,-2.44903,1.71902,6.10299,0.914625,-0.479551,-0.0214497,-0.747994,-0.312883,0.230919,0.537852,-1.46783,8.34976,-0.628482,-0.628695,0.203906,0.028589,-0.72628,-0.331941,0.241167,0.551517,0.475777,-0.182352,0.0518014
97.05,-2.34589,7.12244,1.26039,-2.37938,1.74425,6.19179,0.429623,-0.500385,0.168047,-0.749007,-0.344488,0.261686,0.501833,-1.58158,8.38283,-0.615737,-0.51806,0.156544,0.103693,-0.72693,-0.361517,0.276443,0.514255,0.554666,-0.207485,0.0643677
97.1,-2.37185,7.11819,1.25514,-2.36076,1.77539,6.20124,0.637861,0.607136,0.770761,-0.746887,-0.35394,0.266981,0.495587,-1.60663,8.39083,-0.610385,-0.488657,0.17078,0.108129,-0.725246,-0.37034,0.284567,0.505854,0.507891,-0.157219,-0.204413
97.3,-2.4694,7.10415,1.23783,-2.33094,1.8958,6.12137,0.424723,0.356857,-1.51764,-0.725157,-0.395848,0.275261,0.491613,-1.6957,8.43397,-0.595665,-0.405736,0.255195,0.01837,-0.706188,-0.409243,0.298239,0.494846,0.26145,0.0312763,-0.372663
97.6,-2.59583,7.11695,1.18353,-2.39056,1.92507,6.23635,0.812857,0.304269,0.608134,-0.699278,-0.434931,0.295259,0.484425,-1.80954,8.51189,-0.587592,-0.3678,0.253239,0.10613,-0.680482,-0.451419,0.313724,0.484503,0.335452,-0.0294612,-0.166714
97.85,-2.70579,7.12374,1.15725,-2.43367,1.91454,6.28026,-1.6075,-0.320438,-1.94714,-0.670905,-0.475152,0.318263,0.472043,-1.89739,8.57122,-0.547688,-0.341903,0.21983,0.146421,-0.650161,-0.493512,0.333364,0.471811,0.397586,-0.00781908,-0.436193
98,-2.76537,7.111,1.15724,-2.46563,1.88434,6.18827,0.223255,-0.892383,2.51517,-0.645391,-0.50972,0.322174,0.468893,-1.94844,8.60127,-0.533441,-0.343344,0.169566,0.039932,-0.621478,-0.530216,0.334552,0.469799,0.306131,-0.0217817,-0.475986
98.2,-2.80558,7.15442,1.1167,-2.51848,1.77738,6.08429,0.863075,-0.0573634,-2.58011,-0.622322,-0.535473,0.344594,0.455235,-2.01786,8.61903,-0.536739,-0.349585,0.003052,-0.062111,-0.593193,-0.56151,0.348509,0.45975,0.457625,0.182073,-0.0864287
98.4,-2.86974,7.12814,1.09762,-2.52301,1.7406,6.06492,0.204895,-0.22357,0.512051,-0.604461,-0.544572,0.393128,0.428391,-2.08546,8.6049,-0.55678,-0.313853,-0.124526,-0.102161,-0.572308,-0.573533,0.393881,0.434028,0.56793,0.0571072,0.148144
98.6,-2.90095,7.07375,1.10492,-2.49466,1.81432,6.24242,-0.1644,0.35409,1.68712,-0.57736,-0.568874,0.422989,0.405114,-2.14194,8.57717,-0.562027,-0.243119,-0.13864,0.056058,-0.546264,-0.594792,0.428079,0.405668,0.521853,-0.0120079,-0.10458
98.65,-2.91009,7.06354,1.10459,-2.48894,1.8421,6.26669,-0.199459,0.564495,-0.42543,-0.570575,-0.576428,0.42573,0.401159,-2.15345,8.57042,-0.558912,-0.226578,-0.127836,0.080971,-0.539394,-0.601728,0.432901,0.399468,0.405265,-0.000837758,-0.147864
99,-2.93644,6.98093,1.13819,-2.47866,1.94886,6.54827,-0.318386,-0.569242,0.535323,-0.537325,-0.605787,0.43545,0.393302,-2.20826,8.53797,-0.491158,-0.125806,-0.069621,0.330264,-0.509579,-0.627152,0.447791,0.382743,0.0555015,0.121335,-0.223263
99.25,-2.97848,6.97702,1.23045,-2.41016,1.91334,6.656,0.550807,0.188089,0.345499,-0.52176,-0.617375,0.420321,0.412243,-2.22347,8.5189,-0.392672,0.017494,-0.111525,0.414939,-0.489088,-0.63666,0.435123,0.407584,-0.120428,0.0543146,-0.246999
99.55,-3.0207,6.9859,1.34182,-2.35706,1.77313,6.4718,-0.308349,0.778946,-1.43308,-0.527449,-0.619398,0.410543,0.411824,-2.18889,8.45544,-0.297575,0.211599,-0.317205,0.208123,-0.485536,-0.640564,0.420949,0.420398,-0.0506145,-0.201202,-0.137392
99.95,-2.8326,6.84307,1.32891,-2.41831,1.6335,6.33625,-0.366657,1.12422,-1.57276,-0.554263,-0.602631,0.423635,0.387508,-2.07036,8.25579,-0.252386,0.360407,-0.659211,0.032465,-0.509671,-0.632402,0.423392,0.4013,0.135787,0.0536165,0.39598
100.1,-2.74935,6.76295,1.33489,-2.45846,1.71239,6.25325,0.397431,0.662062,0.0578798,-0.569373,-0.597668,0.428349,0.367593,-2.01439,8.15455,-0.254265,0.374245,-0.672289,-0.061537,-0.530492,-0.625845,0.431792,0.374769,0.0561996,-0.33245,0.178861
100.25,-2.67413,6.69578,1.28486,-2.56403,1.81317,6.2102,-0.175958,0.73091,2.08063,-0.572326,-0.606772,0.414752,0.363663,-1.9626,8.05573,-0.26923,0.307032,-0.640649,-0.116991,-0.539648,-0.634384,0.418483,0.362227,-0.047822,-0.206787,-0.040352
100.4,-2.62057,6.60669,1.26884,-2.67215,1.86071,6.25413,-0.0495276,0.321314,1.72714,-0.557231,-0.606047,0.416679,0.385461,-1.92402,7.95903,-0.284175,0.219225,-0.655925,-0.079764,-0.528585,-0.633881,0.419987,0.377365,0.00872665,0.286793,-0.152751
100.6,-2.5475,6.49552,1.31675,-2.68579,1.89723,6.37992,0.299455,0.394884,-1.36452,-0.5471,-0.598591,0.428447,0.3985,-1.88152,7.8242,-0.287089,0.222251,-0.677392,0.042614,-0.519338,-0.625022,0.434418,0.388481,-0.0268781,0.0962025,0.00572468
100.8,-2.46259,6.38583,1.35926,-2.6767,1.92302,6.36411,-0.0270486,0.286615,-0.928015,-0.54224,-0.602062,0.427218,0.401226,-1.83492,7.68721,-0.276665,0.248798,-0.683876,0.01713,-0.515266,-0.626613,0.435618,0.389992,0.00942478,0.0438427,-0.109467
101,-2.40337,6.25206,1.38432,-2.66825,1.92033,6.35838,0.527823,0.237506,1.66657,-0.538812,-0.604176,0.427806,0.402039,-1.7827,7.5483,-0.279575,0.280485,-0.705991,-0.010287,-0.511406,-0.628404,0.436707,0.390972,0.0296706,-0.00502655,0.0273668
101.1,-2.38079,6.1788,1.38107,-2.67258,1.9154,6.4296,-1.35916,0.0530981,0.626159,-0.537733,-0.603427,0.430812,0.401398,-1.75388,7.47723,-0.277278,0.293808,-0.715104,0.053821,-0.510637,-0.62813,0.439141,0.389689,0.0254818,0.0529184,-0.0270875
101.2,-2.34107,6.11551,1.40504,-2.65285,1.917,6.52349,0.826771,0.11171,0.0844835,-0.539068,-0.604253,0.431508,0.397598,-1.72419,7.40528,-0.267276,0.321167,-0.71942,0.140111,-0.511358,-0.627798,0.441379,0.386739,0.0589921,-0.0776322,0.0908967
101.25,-2.32525,6.0837,1.42354,-2.6398,1.92269,6.55155,-0.0598269,-0.128449,-1.50969,-0.539593,-0.604754,0.431528,0.396101,-1.70791,7.36956,-0.259343,0.341983,-0.714262,0.168631,-0.511299,-0.627589,0.442424,0.385962,0.031765,0.00125664,-0.00614356
101.45,-2.3106,5.92483,1.4011,-2.65302,1.95217,6.47616,-0.0889895,0.252292,-0.475574,-0.544253,-0.610644,0.424278,0.388446,-1.63704,7.2277,-0.230837,0.362258,-0.70133,0.078614,-0.517934,-0.632099,0.437349,0.375395,-0.000349066,-0.215164,-0.0194081
101.6,-2.26951,5.82534,1.35781,-2.71714,1.97415,6.44442,-0.699473,0.307638,0.970281,-0.545052,-0.61187,0.420994,0.38897,-1.58663,7.1235,-0.222997,0.315814,-0.683084,0.035006,-0.522252,-0.634107,0.433269,0.370727,-0.0701622,0.127618,-0.0619941
101.7,-2.22723,5.76433,1.36971,-2.73175,1.97284,6.41228,0.58784,-0.498975,0.927057,-0.540131,-0.608547,0.423345,0.398383,-1.55576,7.05498,-0.220959,0.304421,-0.684021,-0.002909,-0.518407,-0.631,0.435474,0.378755,-0.0715585,0.135298,-0.0417483
101.9,-2.1508,5.63893,1.4083,-2.72354,1.96237,6.4511,1.48336,0.391437,2.64188,-0.537791,-0.601203,0.429411,0.406131,-1.4934,6.91661,-0.225116,0.318586,-0.684746,0.016705,-0.515666,-0.624035,0.441307,0.387191,-0.068766,0.0989951,0.133483
102.1,-2.08556,5.50861,1.45848,-2.68657,1.93535,6.5681,-1.06763,0.313017,0.557239,-0.536157,-0.601149,0.42541,0.412532,-1.42452,6.77939,-0.211448,0.379023,-0.698106,0.127559,-0.513197,-0.622985,0.438367,0.395415,0.00523599,0.0515221,-0.114354
102.35,-1.94828,5.36303,1.51422,-2.66322,1.89372,6.46136,0.141427,-0.207146,-0.799915,-0.540084,-0.601695,0.425657,0.406311,-1.32277,6.59952,-0.190471,0.438018,-0.741922,0.011367,-0.514337,-0.624087,0.437724,0.392899,0.0359538,-0.0950855,0.0538958
102.55,-1.85232,5.21473,1.51734,-2.66586,1.88926,6.39618,-0.267066,0.112803,0.599828,-0.541397,-0.602404,0.428483,0.400499,-1.23127,6.44858,-0.197803,0.473777,-0.758299,-0.07289,-0.51572,-0.624558,0.44077,0.386887,0.107163,0.127618,0.0853117
102.65,-1.80238,5.14063,1.52081,-2.68254,1.89977,6.36239,-0.538198,0.191642,-0.116057,-0.540357,-0.604018,0.427984,0.400009,-1.18383,6.37348,-0.208038,0.474535,-0.746651,-0.116146,-0.51539,-0.625327,0.441707,0.385012,0.0240855,-0.0252724,-0.00404916
102.8,-1.73173,5.02784,1.50421,-2.68408,1.90828,6.33056,0.215018,-0.52607,0.557758,-0.541106,-0.606292,0.426866,0.396737,-1.11064,6.26333,-0.230407,0.495427,-0.720833,-0.16949,-0.516274,-0.627398,0.441039,0.381206,0.0143117,-0.122313,0.0748397
102.95,-1.65549,4.92486,1.4723,-2.70117,1.9085,6.4233,0.0821371,0.098629,0.102264,-0.543786,-0.610864,0.422729,0.390439,-1.03609,6.15647,-0.251847,0.505197,-0.704828,-0.094167,-0.519092,-0.631436,0.437509,0.374723,0.0938987,-0.0895005,-0.0487296
103.1,-1.57388,4.83539,1.43369,-2.77136,1.91928,6.55903,-0.49746,0.443633,1.15182,-0.540948,-0.610315,0.425819,0.391878,-0.963772,6.05215,-0.258452,0.456583,-0.689948,0.024466,-0.519186,-0.633328,0.437684,0.371179,0.0185005,-0.00991347,-0.0354651
103.15,-1.54683,4.80445,1.43416,-2.79245,1.91824,6.59911,-0.949895,-0.138676,0.260004,-0.539262,-0.609176,0.428209,0.393367,-0.941282,6.01783,-0.256144,0.438078,-0.685869,0.061254,-0.518197,-0.632726,0.439441,0.371513,0.0394444,0.0166155,-0.0222006
103.35,-1.4656,4.67642,1.49494,-2.79038,1.91802,6.75426,-1.82739,-0.170333,0.354717,-0.534302,-0.61049,0.430847,0.395215,-0.853465,5.88304,-0.227807,0.439805,-0.665323,0.19702,-0.513244,-0.632192,0.444641,0.373105,0.0387463,0.0578053,0.00851721
103.55,-1.39492,4.54337,1.55573,-2.76644,1.91862,6.71186,1.32484,0.230536,-0.349943,-0.529766,-0.610941,0.434094,0.397067,-0.764544,5.75271,-0.189042,0.452615,-0.630431,0.134954,-0.508436,-0.630949,0.450229,0.375087,-0.00314159,0.0424464,-0.0159174
103.75,-1.29481,4.43814,1.60612,-2.74824,1.93365,6.60924,0.226444,0.129197,-0.347843,-0.530643,-0.608713,0.439716,0.39311,-0.672291,5.63048,-0.175565,0.472848,-0.58351,0.011462,-0.509576,-0.627523,0.457328,0.370672,0.0331613,0.0738623,0.0406313
103.95,-1.21859,4.31205,1.62081,-2.71773,1.95311,6.50897,1.22687,0.0943935,1.28871,-0.529527,-0.610008,0.438974,0.393439,-0.574534,5.51974,-0.185796,0.506879,-0.522703,-0.112309,-0.508364,-0.626635,0.459561,0.371077,0.0240855,0.00614356,-0.0180118
104.15,-1.13105,4.19421,1.60762,-2.69053,1.95919,6.53058,-0.488242,-0.95133,2.95655,-0.52557,-0.617028,0.427882,0.399962,-0.467409,5.42225,-0.213108,0.557371,-0.463718,-0.11479,-0.503187,-0.632743,0.450087,0.379291,-0.0904081,-0.0189892,-0.135996
104.45,-0.972618,4.03899,1.63917,-2.7044,1.88726,6.75532,-0.304599,-0.726395,0.969447,-0.533061,-0.618862,0.418428,0.397208,-0.294304,5.28004,-0.21357,0.590316,-0.485945,0.095462,-0.506859,-0.638584,0.435194,0.381983,-0.0645772,-0.0322537,-0.0152193
104.55,-0.923721,3.97971,1.62843,-2.71872,1.86542,6.75322,1.21672,-0.0456667,-0.268049,-0.534312,-0.616307,0.419201,0.398682,-0.23562,5.23033,-0.203337,0.584646,-0.507714,0.090951,-0.508172,-0.637872,0.433427,0.383433,-0.0219911,0.00125664,0.0804248
104.75,-0.823064,3.86011,1.62163,-2.74324,1.84207,6.64553,0.311459,0.604926,0.0893214,-0.539334,-0.610527,0.42368,0.396068,-0.118869,5.1263,-0.197988,0.579994,-0.529903,-0.033083,-0.513882,-0.633584,0.436006,0.379992,-0.0178024,0.024295,0.0210836
105,-0.711787,3.69724,1.59069,-2.76217,1.81427,6.54593,1.18416,-0.809496,-0.585405,-0.535265,-0.609992,0.422801,0.403287,0.0260609,4.99104,-0.221869,0.577616,-0.562103,-0.153762,-0.509361,-0.63372,0.434138,0.387911,-0.0164061,0.0026529,-0.0536165
105.2,-0.592251,3.57941,1.60653,-2.76037,1.8033,6.59492,0.245076,0.282674,-0.249423,-0.542632,-0.609381,0.425187,0.391691,0.144247,4.87559,-0.255398,0.600213,-0.58818,-0.122715,-0.515831,-0.632606,0.43714,0.377673,0.084823,-0.0469145,0.106256
105.4,-0.487375,3.47044,1.54408,-2.81362,1.82765,6.76112,0.131349,0.128927,2.56886,-0.54299,-0.607415,0.4272,0.392058,0.259275,4.75957,-0.264439,0.555645,-0.568716,0.020894,-0.519859,-0.631685,0.43809,0.372555,-0.0191986,-0.028763,0.0224798
105.55,-0.413286,3.38098,1.52595,-2.83146,1.84411,6.81926,0.846234,-0.510938,-0.604258,-0.543533,-0.607663,0.426274,0.391929,0.340938,4.67558,-0.254543,0.531262,-0.545758,0.075979,-0.521959,-0.632239,0.436813,0.370171,-0.0450295,-0.125803,0.0154985
105.75,-0.331638,3.26431,1.49206,-2.86863,1.85877,6.71054,0.0813749,1.23682,-1.91298,-0.542797,-0.609727,0.424238,0.391953,0.442183,4.56994,-0.250514,0.482461,-0.519554,-0.049372,-0.522541,-0.634384,0.434631,0.368244,0.0534071,-0.14186,0.00851721
106,-0.22432,3.13368,1.46964,-2.90511,1.85842,6.77964,-0.414187,0.175295,1.28515,-0.539945,-0.606876,0.429588,0.394481,0.553806,4.44203,-0.266673,0.417235,-0.501309,-0.017336,-0.520098,-0.632403,0.438926,0.370011,0.0513127,0.0696735,0.0671603
106.2,-0.143608,3.0401,1.49416,-2.91316,1.87209,6.93969,-0.263194,-0.523662,-0.111905,-0.539567,-0.603902,0.434828,0.39382,0.633694,4.34513,-0.256508,0.377173,-0.467137,0.122685,-0.519394,-0.629953,0.443545,0.369671,-0.031765,-0.0196873,-0.0396539
106.45,-0.079184,2.91348,1.53691,-2.89564,1.89219,6.88614,-0.145249,0.46184,-1.98271,-0.536864,-0.60541,0.434179,0.39591,0.727967,4.23383,-0.229417,0.367955,-0.420467,0.05002,-0.516943,-0.629642,0.44552,0.371259,-0.0136136,0.114354,-0.0382576
106.7,0.00417433,2.80539,1.54737,-2.87342,1.89148,6.75072,0.575488,-0.465465,0.355745,-0.534336,-0.604541,0.43658,0.398011,0.819685,4.13245,-0.236693,0.368741,-0.392996,-0.109027,-0.514182,-0.628657,0.448144,0.373598,0.0136136,0.00753982,0.0832173
106.85,0.0616687,2.74547,1.56059,-2.84727,1.89542,6.64101,0.82284,-0.873127,-2.30771,-0.534534,-0.603499,0.439436,0.39618,0.876256,4.07513,-0.260877,0.385935,-0.370703,-0.221521,-0.51377,-0.626711,0.452199,0.372544,0.0331613,-0.120218,0.0441219
107.05,0.124205,2.66288,1.50612,-2.83872,1.90912,6.5743,0.638108,-0.0991712,-0.428581,-0.533801,-0.606582,0.436059,0.396192,0.953482,4.00564,-0.314777,0.387395,-0.328189,-0.310177,-0.513108,-0.628445,0.450798,0.372234,-0.015708,0.0305782,-0.0361632
107.25,0.164548,2.58423,1.42269,-2.82086,1.88915,6.58866,-0.209016,-0.43547,0.131298,-0.53026,-0.611525,0.429143,0.400872,1.03215,3.94253,-0.382624,0.405933,-0.307301,-0.317951,-0.507908,-0.633227,0.444288,0.379025,-0.0471239,-0.0538958,-0.0473333
107.45,0.219969,2.51266,1.35056,-2.82093,1.84474,6.72669,0.288207,0.757019,-0.0583417,-0.534536,-0.609942,0.432114,0.39436,1.11417,3.87817,-0.432898,0.414739,-0.330906,-0.198552,-0.509408,-0.63265,0.445671,0.376344,0.0129154,-0.0259705,0.0504051
107.5,0.242828,2.49781,1.34275,-2.81733,1.83345,6.74027,-0.417545,-0.803167,0.335505,-0.535527,-0.608871,0.433877,0.39273,1.13509,3.86163,-0.442503,0.423537,-0.332854,-0.191488,-0.510514,-0.631939,0.446887,0.374593,0.031765,-0.012706,0.0936893
107.65,0.295833,2.43879,1.30883,-2.82197,1.83815,6.69885,-0.368439,0.203483,0.750882,-0.533896,-0.612278,0.428973,0.395036,1.19814,3.81288,-0.475553,0.424543,-0.319682,-0.247723,-0.50944,-0.634405,0.443482,0.375932,-0.0869174,-0.0936893,-0.189752
107.8,0.334116,2.38479,1.24681,-2.83679,1.80177,6.64923,0.590535,0.554141,0.0213102,-0.530134,-0.616732,0.422922,0.399671,1.26144,3.76303,-0.517226,0.419246,-0.349731,-0.309878,-0.503959,-0.63998,0.435725,0.382877,-0.0310669,-0.0643677,-0.108769
107.85,0.350856,2.367,1.22644,-2.84342,1.78403,6.63336,-0.228649,-0.313416,-2.26614,-0.529636,-0.6168,0.423435,0.399683,1.28249,3.74517,-0.533033,0.419678,-0.364863,-0.325154,-0.5029,-0.640801,0.43509,0.383617,-0.00453786,0.0124267,-0.0487296
108,0.397936,2.30572,1.16628,-2.85843,1.7313,6.71721,0.125482,-0.856459,1.98678,-0.530323,-0.617569,0.4275,0.393204,1.34606,3.68662,-0.579078,0.4216,-0.424266,-0.267568,-0.501208,-0.643821,0.435553,0.380235,0.14556,-0.0741416,0.000139626
108.1,0.447946,2.26515,1.15892,-2.86748,1.72013,6.80841,-0.416299,-0.61947,0.248934,-0.529513,-0.620034,0.431566,0.385909,1.3881,3.6427,-0.601545,0.422506,-0.448562,-0.18307,-0.50014,-0.646996,0.438743,0.372506,0.138579,-0.0860098,0.0189892
108.25,0.525604,2.21177,1.16669,-2.91123,1.71862,6.94632,0.538589,-0.0384746,1.12942,-0.5268,-0.622485,0.439457,0.376658,1.44869,3.57257,-0.620268,0.380112,-0.480211,-0.06441,-0.499005,-0.650872,0.444562,0.360171,0.160919,-0.0915949,0.028763
108.35,0.573964,2.17716,1.18161,-2.90841,1.74031,7.02525,-0.278261,0.303412,0.637572,-0.524605,-0.626952,0.439787,0.371898,1.48653,3.52444,-0.623594,0.376559,-0.474483,0.005052,-0.49774,-0.654342,0.446449,0.353236,0.0959931,0.00684169,0.00642281
108.5,0.645096,2.12735,1.19744,-2.96808,1.76014,7.17156,-0.734624,0.038257,0.561665,-0.51782,-0.629441,0.443796,0.37244,1.53697,3.45268,-0.613782,0.290425,-0.476033,0.133699,-0.495107,-0.657909,0.448971,0.347057,0.0401426,-0.0692547,-0.0731642
108.65,0.65785,2.04589,1.224,-2.95811,1.77592,7.29562,-0.195726,1.04213,-0.987325,-0.515531,-0.632782,0.443824,0.369913,1.57709,3.38128,-0.585537,0.256534,-0.469806,0.244196,-0.492541,-0.660041,0.450692,0.344421,0.0561996,-0.0175929,-0.0249931
108.8,0.646333,1.96017,1.23999,-2.96292,1.79109,7.33315,1.05836,0.433365,-0.963228,-0.519293,-0.63534,0.442167,0.36217,1.61435,3.31271,-0.544975,0.227344,-0.451766,0.269631,-0.496197,-0.662268,0.449395,0.336502,0.0785398,-0.101369,0.0566883
108.95,0.705508,1.91424,1.26084,-3.03642,1.82566,7.28064,-0.552809,0.657426,0.628869,-0.526225,-0.633167,0.444035,0.353581,1.63837,3.24627,-0.512492,0.111131,-0.424259,0.19196,-0.506652,-0.661449,0.449194,0.322512,0.0143117,-0.0964818,0.162804
109.1,0.757771,1.89697,1.29609,-3.09963,1.87671,7.24326,-1.48255,-0.294474,-0.319147,-0.526794,-0.625374,0.452753,0.355542,1.64661,3.18649,-0.487368,0.0004,-0.359513,0.139148,-0.51288,-0.652789,0.458696,0.316888,0.0122173,0.173695,0.0664621
109.3,0.807691,1.89287,1.33516,-3.14522,1.93929,7.21126,0.153152,0.0490883,2.0967,-0.519068,-0.631107,0.440984,0.37122,1.63428,3.12736,-0.467689,-0.128083,-0.245457,0.077881,-0.509152,-0.656304,0.45087,0.32672,-0.13439,-0.0804248,-0.212791
109.6,0.73709,1.84583,1.39967,-3.17647,1.89082,7.35075,0.692269,-0.0646108,-1.1933,-0.51589,-0.630588,0.438843,0.378989,1.56897,3.06008,-0.417044,-0.296184,-0.210934,0.205673,-0.504326,-0.658755,0.445171,0.336927,0.0136136,0.0724661,0.0350462
109.8,0.688771,1.80421,1.4547,-3.17985,1.89986,7.26082,0.198167,0.144544,-0.224443,-0.521509,-0.622184,0.450815,0.371053,1.50075,3.0209,-0.386931,-0.38803,-0.163288,0.099385,-0.511734,-0.648751,0.458636,0.32696,0.0450295,0.163921,0.218655
110,0.611713,1.76662,1.4729,-3.15367,1.98948,7.00141,-0.16397,0.172651,-2.09353,-0.52559,-0.608981,0.470041,0.363262,1.41632,2.99953,-0.396812,-0.450815,-0.018358,-0.18084,-0.520268,-0.628593,0.485387,0.313993,0.0785398,0.182771,0.132087
110.2,0.516844,1.78501,1.5045,-3.06033,2.13068,7.14659,-0.132394,0.178149,1.27718,-0.512364,-0.597727,0.487218,0.37792,1.32156,3.02147,-0.426416,-0.467515,0.261263,-0.082108,-0.51151,-0.607862,0.513568,0.324206,0.0785398,0.351719,0.0106116
110.3,0.473497,1.81523,1.52262,-2.95602,2.19734,7.27408,0.856678,-0.0514405,0.840285,-0.504546,-0.599826,0.485944,0.386654,1.27795,3.0562,-0.430113,-0.411631,0.431232,0.02237,-0.503013,-0.604902,0.518889,0.334403,-0.0757473,0.226753,-0.305642
110.4,0.420529,1.84849,1.52525,-2.81363,2.22906,7.35517,1.63618,0.899764,0.779922,-0.493138,-0.6089,0.474741,0.400846,1.24161,3.10699,-0.425935,-0.297212,0.577633,0.076967,-0.489181,-0.610103,0.513596,0.353122,-0.108559,0.115052,-0.510893
110.5,0.370418,1.89267,1.51393,-2.70864,2.19466,7.42775,2.10002,-0.114092,1.42814,-0.487785,-0.619014,0.462181,0.406542,1.21749,3.16955,-0.416152,-0.196947,0.656423,0.138303,-0.479286,-0.619485,0.50276,0.365726,-0.021293,-0.208881,-0.246301
110.55,0.341449,1.89423,1.49408,-2.68683,2.16861,7.43998,-0.403996,0.114303,1.33349,-0.489701,-0.623466,0.457309,0.40293,1.20887,3.20301,-0.409643,-0.164922,0.677256,0.146942,-0.479273,-0.625559,0.496375,0.364122,-0.0101229,-0.40715,-0.157638
110.65,0.280267,1.91568,1.45946,-2.63698,2.10665,7.55365,0.39438,-0.115265,0.646116,-0.498231,-0.63304,0.447152,0.388692,1.19583,3.27258,-0.389875,-0.103171,0.711545,0.255253,-0.483301,-0.636515,0.484878,0.355194,0.0408407,-0.230523,-0.0145211
110.75,0.274321,1.9896,1.48615,-2.64338,2.0523,7.65724,-0.22414,0.648482,-0.422028,-0.501103,-0.637952,0.443083,0.381564,1.18753,3.3462,-0.362994,-0.079841,0.73839,0.339568,-0.484452,-0.643464,0.478369,0.34989,0.0233874,-0.153729,-0.101089
110.85,0.334268,1.98203,1.54307,-2.65136,2.0011,7.67178,0.02876,-0.0592842,-0.843288,-0.498964,-0.643823,0.435803,0.382887,1.17996,3.42119,-0.3282,-0.067771,0.752341,0.348401,-0.480368,-0.652087,0.46783,0.353786,-0.0680678,-0.0175929,-0.312623
110.95,0.274484,2.01023,1.49681,-2.65017,1.92931,7.5948,-0.587859,-0.108629,-2.64739,-0.499019,-0.644821,0.435335,0.381666,1.17484,3.49536,-0.29687,-0.037477,0.728705,0.271882,-0.477428,-0.656009,0.463212,0.35658,0.0282743,-0.028763,-0.00823795
111.1,0.34651,2.05193,1.57513,-2.65624,1.86212,7.54364,0.321678,0.64807,0.868406,-0.502627,-0.637579,0.44629,0.37641,1.17197,3.6044,-0.262771,-0.007487,0.722609,0.200677,-0.479037,-0.651819,0.469641,0.353684,0.0694641,0.222564,0.135577
111.25,0.390368,2.13091,1.64399,-2.65745,1.82567,7.55462,0.374717,-0.091608,2.50371,-0.503557,-0.633661,0.451043,0.376116,1.17361,3.7146,-0.235266,0.024356,0.744154,0.196297,-0.479151,-0.648534,0.473564,0.354338,-0.0792379,-0.0587827,-0.0752586
111.4,0.404231,2.24249,1.67399,-2.65998,1.758,7.66279,0.288345,-0.108085,-0.119588,-0.504707,-0.636,0.446563,0.375973,1.1788,3.82466,-0.197817,0.055588,0.715575,0.306201,-0.476802,-0.653253,0.465596,0.359361,-0.00523599,-0.0196873,-0.0759567
111.55,0.401463,2.35781,1.7108,-2.66065,1.71948,7.78233,-0.430729,-0.505112,1.3764,-0.510514,-0.63388,0.448246,0.369658,1.19283,3.9316,-0.142785,0.097163,0.698982,0.417582,-0.480594,-0.652992,0.464752,0.355861,-0.00244346,0.00684169,0.00851721
111.7,0.415805,2.46749,1.77009,-2.6753,1.67952,7.87718,0.121622,-0.0704401,-0.410564,-0.510421,-0.634799,0.444788,0.372375,1.20913,4.03449,-0.0727883,0.119734,0.661185,0.512688,-0.478796,-0.655471,0.459109,0.361015,0.00523599,0.0473333,-0.000558505
111.85,0.417846,2.56447,1.85406,-2.69241,1.66008,7.90227,0.0406058,-0.105387,0.335908,-0.513213,-0.635061,0.442379,0.370959,1.22798,4.13149,0.00903073,0.139953,0.63776,0.532739,-0.480989,-0.656149,0.456134,0.360638,-0.0366519,-0.104161,-0.210696
112.1,0.471987,2.73157,1.92772,-2.76417,1.51658,7.79497,-0.133283,-0.900597,-1.38856,-0.508678,-0.645267,0.425026,0.379776,1.26299,4.2769,0.126979,0.135715,0.475278,0.413778,-0.473956,-0.671746,0.430505,0.372543,0.03735,-0.120218,0.0832173
112.25,0.511686,2.78493,1.98469,-2.81267,1.44411,7.74934,-0.429739,-0.958101,1.19379,-0.513568,-0.63715,0.437684,0.372452,1.28205,4.33952,0.185149,0.121404,0.362975,0.349861,-0.478265,-0.667085,0.438495,0.366038,0.0624828,0.109467,0.142558
112.6,0.558265,2.90066,2.02792,-2.90903,1.44258,7.57033,-0.129363,0.229421,-0.0205495,-0.524179,-0.636164,0.443534,0.351865,1.31678,4.43832,0.265537,0.04941,0.221996,0.145271,-0.493441,-0.669823,0.438925,0.339408,0.0436332,-0.29894,0.117426
113.1,0.454028,2.94971,2.03891,-3.11546,1.48975,7.51639,0.114232,-0.710554,0.611772,-0.50663,-0.624342,0.462681,0.373429,1.24818,4.51851,0.313026,-0.298128,0.099784,0.044883,-0.487421,-0.66257,0.452625,0.344314,0.0610865,0.397097,-0.00893609
113.2,0.432995,2.95163,2.0623,-3.07276,1.50866,7.47767,1.13056,-0.917997,0.799345,-0.502052,-0.620407,0.468262,0.379169,1.21827,4.52818,0.315332,-0.297118,0.10028,0.000647,-0.482214,-0.655921,0.462705,0.350916,-0.031765,0.176488,-0.0159174
113.4,0.390026,2.96484,2.09962,-2.97304,1.52685,7.56352,-0.515216,-0.466015,0.387081,-0.500822,-0.622049,0.467324,0.379264,1.16385,4.54848,0.321725,-0.255542,0.097599,0.076898,-0.478422,-0.653455,0.467331,0.354558,0.0310669,-0.0978781,-0.0836362
113.75,0.336405,3.01546,2.15831,-2.89788,1.54857,7.529,-0.599009,-0.344327,-0.813429,-0.507619,-0.630516,0.455705,0.370278,1.08331,4.5836,0.355779,-0.230855,0.092948,0.028319,-0.483266,-0.659938,0.458278,0.347731,-0.00314159,-0.0259705,0.000139626
114.2,0.237197,3.07143,2.17862,-2.84138,1.62518,7.4267,-0.102067,0.214645,0.832951,-0.516214,-0.625983,0.457349,0.364006,0.982531,4.62602,0.317939,-0.226905,0.139031,-0.112215,-0.493392,-0.650298,0.467215,0.339688,-0.0715585,0.0975988,-0.117845
114.6,0.139159,3.12484,2.16452,-2.80017,1.61721,7.68683,-0.900516,-0.540869,0.664707,-0.513568,-0.628851,0.4456,0.377141,0.892597,4.69319,0.325994,-0.214572,0.17712,0.124378,-0.488609,-0.651883,0.457763,0.356038,-0.0945968,-0.0106116,-0.0633904
115,0.071121,3.17682,2.20453,-2.74935,1.55283,7.51502,-0.150326,-0.528718,-2.30473,-0.518768,-0.627393,0.443142,0.375343,0.817819,4.74872,0.341981,-0.146877,0.110856,-0.056094,-0.488272,-0.65086,0.454603,0.362365,-0.0492183,0.0117286,0.0238761
115.45,0.0468157,3.22465,2.1265,-2.79481,1.51147,7.43254,-0.778951,0.571622,-1.07053,-0.522559,-0.628862,0.436994,0.374835,0.75317,4.78383,0.282353,-0.155001,0.024876,-0.174529,-0.491553,-0.655653,0.443677,0.36283,0.0603884,0.163921,0.0804248
116.2,-0.0133172,3.23216,2.14867,-2.67959,1.52143,7.5691,0.0446658,-0.0440607,1.60164,-0.516168,-0.630258,0.430829,0.388243,0.720091,4.79028,0.227323,0.061064,-0.02023,-0.07805,-0.482132,-0.650921,0.44606,0.380632,-0.0701622,0.061296,-0.210696
116.75,0.0669404,3.14752,2.25406,-2.73954,1.36734,7.95608,-1.03128,0.592363,-2.38805,-0.534686,-0.622514,0.433059,0.37289,0.811085,4.68251,0.296738,0.202481,-0.312293,0.285021,-0.497251,-0.649196,0.440652,0.370287,-0.208392,-0.0161967,-0.0256912
117,0.161889,3.1236,2.30364,-2.77921,1.38423,7.82272,-0.139189,-0.164823,-0.955988,-0.562607,-0.597274,0.413323,0.394843,0.862984,4.60053,0.348031,0.206914,-0.358022,0.129797,-0.527521,-0.625159,0.421599,0.391348,-0.385718,-0.0148004,0.157219
117.3,0.272488,3.07313,2.36238,-2.83459,1.38533,7.69556,0.255232,-0.214343,2.19259,-0.587769,-0.570746,0.401487,0.409372,0.923185,4.4805,0.362171,0.189468,-0.435951,-0.032707,-0.555668,-0.599965,0.408622,0.405343,-0.0883137,-0.0406313,0.0936893
117.55,0.211557,3.01438,2.27667,-2.85411,1.44259,7.60827,0.826063,0.356177,-2.38987,-0.604449,-0.552898,0.384041,0.425979,0.96989,4.37156,0.340654,0.18417,-0.440198,-0.129306,-0.57532,-0.580927,0.394624,0.419288,-0.368264,0.00963422,0.0455182
117.75,0.280418,2.96227,2.32981,-2.87993,1.4654,7.56852,0.758835,0.656806,-0.0452744,-0.626632,-0.528055,0.362168,0.444212,1.00502,4.28232,0.307715,0.165359,-0.451219,-0.192696,-0.601205,-0.555881,0.374165,0.435373,-0.450644,0.00335103,0.154427
117.95,0.346042,2.88507,2.36727,-2.90434,1.47044,7.49755,0.550936,-0.0763685,0.156897,-0.655228,-0.49179,0.339926,0.46181,1.0357,4.19003,0.260709,0.136669,-0.47091,-0.278891,-0.633393,-0.520878,0.351067,0.451942,-0.531627,-0.137672,0.256354
118.15,0.410448,2.80312,2.39971,-2.91828,1.48488,7.59796,0.179574,0.783622,-0.184317,-0.683798,-0.451008,0.316344,0.478474,1.06001,4.09545,0.211922,0.104746,-0.471474,-0.190388,-0.665267,-0.480114,0.327719,0.468519,-0.529533,-0.0148004,0.158616
118.35,0.464027,2.72454,2.41756,-2.89646,1.51502,7.76519,0.954441,0.287632,2.27191,-0.711093,-0.406962,0.294075,0.492188,1.07964,4.00333,0.189723,0.10117,-0.435143,-0.040005,-0.695857,-0.43422,0.308128,0.481968,-0.542797,-0.028763,0.340828
118.5,0.493427,2.67162,2.43248,-2.88852,1.56777,7.84849,0.366103,0.296167,0.21525,-0.73125,-0.371944,0.275229,0.501178,1.09455,3.94279,0.189709,0.094747,-0.365635,0.040223,-0.720044,-0.397503,0.290658,0.488923,-0.566534,-0.0957837,0.310808
118.7,0.482503,2.60987,2.45631,-2.86589,1.63296,7.83568,-0.138271,0.102659,-1.57058,-0.752882,-0.330599,0.24797,0.512234,1.11313,3.87925,0.200516,0.096534,-0.267663,0.021571,-0.745765,-0.353015,0.266445,0.498219,-0.45972,0.0871268,0.261241
118.9,0.527039,2.6061,2.46842,-2.81894,1.69688,7.76457,1.065,1.14037,-0.424532,-0.76634,-0.295914,0.216657,0.527463,1.13427,3.83832,0.195845,0.120518,-0.146298,-0.068429,-0.762877,-0.313648,0.240431,0.511699,-0.475079,0.0703717,-0.149959
119.5,0.657765,2.57424,2.49863,-2.74079,1.64762,7.56467,1.20637,-0.333071,1.70543,-0.776974,-0.265182,0.188372,0.538986,1.21885,3.80292,0.0928407,0.192854,0.027663,-0.322952,-0.771633,-0.279723,0.215218,0.529168,-0.100182,-0.0776322,0.165597
119.75,0.764999,2.55591,2.50232,-2.71364,1.6533,7.51098,0.945435,-0.478506,0.0854858,-0.776831,-0.248972,0.17034,0.552748,1.27393,3.8231,0.00114573,0.256295,0.121113,-0.392886,-0.772505,-0.261158,0.200218,0.543089,-0.292866,0.169506,-0.0522203
120.1,0.925288,2.55843,2.49388,-2.74849,1.55326,7.7123,0.125934,0.0863719,2.71208,-0.789366,-0.226849,0.147416,0.551098,1.37316,3.86323,-0.118497,0.299067,0.10305,-0.232382,-0.781181,-0.241816,0.172542,0.5491,-0.0785398,-0.193522,0.0308574
120.35,0.977333,2.57838,2.43042,-2.81685,1.57832,7.96627,-0.28354,-0.603961,2.00376,-0.797767,-0.228504,0.145303,0.53874,1.44484,3.8945,-0.150394,0.260904,0.161505,-0.002803,-0.790248,-0.246679,0.165749,0.535896,0.0806342,-0.124407,0.0545939
120.9,0.871046,2.70705,2.4051,-2.85904,1.58297,8.03689,0.366995,-0.268653,-1.12923,-0.783245,-0.234833,0.158727,0.553342,1.55598,4.0143,-0.108121,0.175517,0.23727,0.042631,-0.775113,-0.255513,0.176212,0.550329,-0.0869174,-0.0371406,0.0385369
121.2,0.956327,2.66675,2.42279,-2.81928,1.54975,7.88741,0.118498,-0.441392,-0.990635,-0.79721,-0.199223,0.135192,0.553614,1.61429,4.08874,-0.124518,0.212333,0.247185,-0.138513,-0.787985,-0.218921,0.155112,0.55416,-0.424115,-0.00781908,0.217957
121.35,1.00682,2.64244,2.43597,-2.81508,1.54421,7.83296,0.0391179,-0.630052,-0.631129,-0.803641,-0.171574,0.117574,0.557584,1.64716,4.12726,-0.151903,0.217687,0.260272,-0.217629,-0.794831,-0.190086,0.137494,0.559649,-0.342434,0.0536165,0.220051
121.55,1.08642,2.60905,2.43156,-2.82399,1.54543,7.76407,-0.032758,0.308467,-0.688995,-0.81165,-0.153134,0.094678,0.555706,1.69053,4.17852,-0.206334,0.20973,0.258625,-0.310791,-0.803606,-0.170501,0.1146,0.558581,-0.262847,-0.11952,-0.0536165
121.85,1.18964,2.58156,2.32802,-2.88539,1.57534,7.6617,-0.879932,0.407423,0.460097,-0.816991,-0.141346,0.082747,0.552901,1.74107,4.25984,-0.320199,0.12339,0.28549,-0.447363,-0.810727,-0.163532,0.0948454,0.554061,-0.0296706,-0.0706509,0.0378387
122.2,1.22855,2.63857,2.14595,-2.93408,1.63991,7.80591,-0.916027,0.0513129,2.51278,-0.8158,-0.138744,0.0877395,0.554547,1.76086,4.37564,-0.475483,0.000385,0.388273,-0.348036,-0.811569,-0.162617,0.0975319,0.552629,-0.00802851,0.087825,0.0720472
122.65,1.16227,2.8204,2.21839,-2.78704,1.5892,8.15425,0.234974,0.452512,0.517544,-0.807985,-0.14071,0.0911001,0.564856,1.77075,4.56655,-0.553968,0.093661,0.423959,-0.027481,-0.800765,-0.156046,0.112544,0.567238,-0.0603884,-0.161408,-0.281207
122.9,1.07326,2.87157,2.20106,-2.81208,1.55938,8.19537,0.327931,0.263326,-1.45596,-0.811789,-0.146525,0.0867731,0.558569,1.79164,4.66823,-0.545839,0.072279,0.393243,0.013792,-0.802858,-0.163772,0.105646,0.563415,0.0722566,0.0822399,0.0825192
123.1,1.0699,2.94993,2.21312,-2.8197,1.53538,8.12265,-0.281215,0.0170736,-1.61792,-0.809445,-0.143251,0.096378,0.56124,1.80385,4.74642,-0.551654,0.064288,0.383673,-0.070585,-0.799756,-0.160731,0.115093,0.566841,0.0443314,0.000558505,0.086708
123.75,1.14414,3.1595,2.04626,-2.86307,1.58337,8.27979,0.331375,1.78108,-0.600171,-0.81863,-0.157025,0.0898772,0.545079,1.85843,5.01039,-0.619536,0.038559,0.4646,0.018834,-0.810949,-0.176343,0.106538,0.547645,0.00593412,-0.0322537,-0.0494277
124.15,1.01474,3.30344,1.9447,-2.9646,1.71519,8.10697,-0.165412,0.763912,1.16119,-0.824585,-0.16251,0.0893401,0.534479,1.84342,5.22446,-0.661101,-0.129934,0.6472,-0.201819,-0.822281,-0.185551,0.100799,0.528455,0.0171042,-0.104161,-0.0989951
124.25,0.983676,3.35946,1.909,-2.99713,1.75595,8.11652,-0.841447,-0.308608,1.1049,-0.820231,-0.16232,0.0909736,0.540922,1.82764,5.29297,-0.681956,-0.187919,0.71873,-0.206999,-0.819292,-0.187068,0.100533,0.532597,0.0296706,0.241414,0.0196873
124.55,0.928044,3.59173,1.9501,-3.01657,1.71193,8.27607,0.318775,0.33648,0.83252,-0.804598,-0.160019,0.0969705,0.563571,1.75062,5.51923,-0.722057,-0.302362,0.751765,-0.070395,-0.801445,-0.18598,0.105559,0.558529,-0.0115192,-0.060179,0.00153589
124.9,0.81713,3.86091,1.87673,-3.03153,1.70073,8.17938,0.321314,-1.01632,1.49014,-0.809136,-0.157501,0.0980085,0.557572,1.62204,5.78662,-0.768041,-0.425633,0.7979,-0.194101,-0.806659,-0.184241,0.105334,0.551599,-0.0101229,0.160431,0.0580846
