43.7,4.56177,-1.73711,0.580401,-0.396603,0.344738,2.21343,0.874821,-1.09389,1.00083,-0.636078,-0.506986,0.379379,0.440954,4.55861,-1.73055,0.581759,0.071781,0.050707,0.012564,-0.640044,-0.498723,0.380054,0.444048,-0.0208741,-0.0904081,0.0642979
44.05,4.614,-1.73953,0.570249,-0.34025,0.38487,2.33253,0.663827,-0.700488,0.907677,-0.629474,-0.529068,0.347987,0.450284,4.60066,-1.69805,0.585235,0.177091,0.112465,0.099727,-0.632808,-0.518306,0.351889,0.455069,-0.124896,-0.286583,-0.274296
44.25,4.64707,-1.77818,0.562064,-0.420525,0.322989,2.50665,-0.0470719,0.215145,3.34203,-0.634822,-0.541392,0.332517,0.43969,4.63441,-1.68282,0.621065,0.13517,0.038734,0.254757,-0.636533,-0.535436,0.329327,0.446854,0.0286932,-0.154636,0.105488
44.5,4.69078,-1.82305,0.566698,-0.553858,0.329853,2.31332,-0.965435,-0.13305,-2.00429,-0.633127,-0.528551,0.354403,0.440662,4.65149,-1.67946,0.681424,0.018572,0.005621,0.062586,-0.637725,-0.526004,0.346221,0.443574,0.0293913,-0.109956,0.02241
44.7,4.69318,-1.82339,0.556575,-0.624966,0.355052,2.21252,0.0216455,0.641424,0.0200141,-0.633909,-0.531259,0.353717,0.436816,4.64836,-1.67814,0.671583,-0.062964,0.003674,-0.060973,-0.639761,-0.530004,0.343589,0.43789,0.0217119,-0.0408407,-0.014591
44.95,4.64989,-1.81075,0.561091,-0.695181,0.357054,2.65874,0.699875,-0.00820059,3.43509,-0.625069,-0.526414,0.364485,0.446462,4.61844,-1.67973,0.705597,-0.182148,-0.014307,0.353168,-0.631453,-0.526567,0.352497,0.446923,0.0580147,0.241205,0.0817512
45,4.63354,-1.80954,0.574455,-0.688947,0.355743,2.70695,-0.62942,-0.0512326,0.0764449,-0.622839,-0.524224,0.36809,0.449188,4.60975,-1.68067,0.724856,-0.18232,-0.01885,0.405958,-0.629035,-0.523997,0.356797,0.449931,0.0252026,0.139975,0.0747699
45.1,4.61209,-1.81065,0.618907,-0.66186,0.354481,2.80223,0.987199,-0.248288,0.764763,-0.621518,-0.521972,0.372071,0.45036,4.59259,-1.68346,0.771063,-0.169876,-0.029169,0.492006,-0.626583,-0.520914,0.361945,0.452812,0.0272969,0.102974,0.0670905
45.4,4.60618,-1.8249,0.753985,-0.578726,0.400397,2.61952,-0.458612,-0.196975,-4.17204,-0.626246,-0.51549,0.383547,0.441562,4.55139,-1.69082,0.900418,-0.107706,0.004661,0.301637,-0.63126,-0.509213,0.380357,0.444456,0.053826,-0.00314159,0.136205
45.75,4.58873,-1.80861,0.800189,-0.495978,0.448769,2.3873,1.07439,-0.155749,0.406884,-0.612544,-0.524537,0.374773,0.457379,4.52666,-1.66963,0.940959,-0.019134,0.09607,0.020349,-0.618757,-0.513054,0.378309,0.459127,-0.0152891,0.0938987,-0.120009
46.4,4.66275,-1.7972,0.774863,-0.514016,0.389245,2.58398,0.918515,-0.359528,1.0956,-0.619111,-0.53555,0.36812,0.44088,4.57536,-1.6188,0.904971,0.081695,0.062892,0.13476,-0.622213,-0.528272,0.365594,0.447349,0.0335801,0.243299,0.0286932
46.55,4.64568,-1.78518,0.799361,-0.515956,0.391198,2.72491,1.75803,-0.0863915,0.665164,-0.618048,-0.532155,0.373654,0.441827,4.58807,-1.60947,0.93303,0.091875,0.058714,0.264606,-0.620802,-0.525288,0.370594,0.448705,0.0412596,0.0785398,0.0238063
47,4.60244,-1.73246,0.792103,-0.564819,0.464088,2.36533,0.18322,-1.44835,0.853011,-0.64784,-0.518435,0.341636,0.441376,4.63669,-1.56747,0.95698,0.085164,0.124754,-0.115832,-0.652967,-0.510779,0.339676,0.444252,-0.27639,-0.217468,0.0684867
47.35,4.56721,-1.69941,0.784508,-0.722721,0.475152,2.7149,-0.443452,0.0554566,1.19568,-0.649023,-0.49166,0.346149,0.466069,4.62939,-1.52177,0.972795,-0.105272,0.136813,0.212271,-0.657608,-0.488484,0.33634,0.464554,-0.0159872,0.413643,0.124337
47.6,4.54472,-1.68019,0.848879,-0.650209,0.500705,2.69999,0.8687,-0.099696,-2.34603,-0.651315,-0.485213,0.351545,0.46559,4.60932,-1.48536,1.03015,-0.055015,0.167996,0.18928,-0.658484,-0.47502,0.350588,0.466737,0.0182212,-0.138579,0.0622035
48.15,4.67595,-1.64791,0.881788,-0.577543,0.512806,2.69545,0.522566,-0.230712,-0.0814463,-0.667698,-0.492305,0.317119,0.45962,4.60156,-1.35005,1.06141,0.016898,0.287171,0.10593,-0.673285,-0.477414,0.32266,0.463307,-0.13816,-0.140674,0.0196175
48.35,4.63924,-1.59367,0.877171,-0.632961,0.513097,2.71741,0.643205,-0.57945,-0.725647,-0.674752,-0.480755,0.311354,0.46545,4.60018,-1.29006,1.08806,-0.041944,0.316199,0.103323,-0.680865,-0.46786,0.313274,0.46839,-0.182841,0.0862193,0.0838456
48.6,4.60836,-1.51455,0.883077,-0.669046,0.536336,2.60659,0.665412,-0.897111,-1.72454,-0.682729,-0.453204,0.316784,0.477636,4.58108,-1.20763,1.09747,-0.08314,0.355854,-0.034012,-0.689353,-0.441812,0.315395,0.47971,-0.255446,0.0862193,0.275134
48.9,4.53975,-1.40931,0.853873,-0.648259,0.599782,2.44554,0.0213177,0.027282,0.510597,-0.710631,-0.425976,0.278546,0.485757,4.56049,-1.08778,1.05451,-0.06512,0.455579,-0.22686,-0.719567,-0.410271,0.281924,0.484168,-0.447433,-0.188845,0.122941
49.15,4.52677,-1.27569,0.821631,-0.686837,0.577404,2.53213,0.449131,-0.236172,-0.0303294,-0.73437,-0.391625,0.251586,0.494,4.53236,-0.96446,0.999156,-0.133105,0.498656,-0.146425,-0.742168,-0.377785,0.249489,0.494187,-0.260333,-0.0380482,0.0873363
49.5,4.46016,-1.08764,0.852721,-0.697012,0.565082,2.7794,0.449103,0.0675402,-0.307729,-0.728807,-0.364134,0.251303,0.522584,4.46429,-0.774373,0.997095,-0.201557,0.549292,0.09306,-0.736533,-0.351125,0.245755,0.523292,-0.0404218,-0.0429351,0.0217119
49.85,4.4233,-0.888267,0.913408,-0.704253,0.529192,2.84466,0.0566487,0.137709,0.398067,-0.729747,-0.37557,0.244116,0.516549,4.38955,-0.585072,1.05514,-0.242884,0.522708,0.136996,-0.735997,-0.364143,0.235723,0.519754,0.0677886,-0.0352557,0.0203156
50.55,4.19787,-0.566414,0.985719,-0.678705,0.537118,2.60259,1.0347,-0.167136,-0.882163,-0.726379,-0.3766,0.259801,0.512884,4.20092,-0.23306,1.04316,-0.272739,0.488539,-0.142118,-0.731176,-0.36448,0.252032,0.518668,0.0293913,-0.0645772,-0.0327424
51,4.11968,-0.344659,0.914137,-0.690677,0.554024,2.76543,0.710752,-0.285755,0.37982,-0.722936,-0.384552,0.256984,0.513267,4.08153,-0.027202,0.981675,-0.293007,0.44534,-0.016448,-0.727983,-0.372819,0.248455,0.518957,0.0042586,-0.0652753,0.0126362
51.6,4.00511,-0.103542,1.00814,-0.675798,0.481122,2.65297,0.637192,-0.536355,-0.917071,-0.728365,-0.381717,0.256012,0.508168,3.90429,0.192995,0.967558,-0.309964,0.275014,-0.161856,-0.728582,-0.370651,0.245829,0.520916,0.0817512,-0.0729548,0.122243
51.95,3.86998,-0.0778718,0.908154,-0.710183,0.592149,2.72183,-1.85317,1.58928,1.55434,-0.722887,-0.408716,0.282991,0.479897,3.78298,0.291585,0.900624,-0.386642,0.325183,-0.1177,-0.728857,-0.39597,0.27497,0.486176,0.402892,0.103673,-0.262428
52.15,3.7643,-0.0559914,0.909873,-0.713733,0.633904,2.86945,0.597756,0.296023,-1.08602,-0.691022,-0.446185,0.295661,0.48579,3.7017,0.362333,0.894461,-0.419326,0.368361,0.035503,-0.698184,-0.432739,0.290954,0.490532,0.2877,0.172788,-0.283372
52.65,3.49979,0.0222563,0.866377,-0.726424,0.644694,2.65601,0.644758,-0.0862302,0.789379,-0.681175,-0.4682,0.31505,0.466405,3.48525,0.534954,0.857962,-0.461686,0.344796,-0.191384,-0.687851,-0.457384,0.30876,0.471517,-0.0425162,-0.117635,0.0726755
52.95,3.39152,0.171867,0.817293,-0.776277,0.708708,2.84276,-0.399833,-0.298209,1.54419,-0.685009,-0.462913,0.311593,0.468385,3.33575,0.647196,0.818406,-0.534417,0.403337,-0.031441,-0.694342,-0.452005,0.304833,0.469742,-0.0236667,0.00663225,0.106884
53.2,3.25973,0.279667,0.861561,-0.778958,0.766578,2.86603,-0.504273,-0.85958,0.11215,-0.690452,-0.450438,0.318366,0.468001,3.19604,0.754107,0.816664,-0.570659,0.465146,-0.029433,-0.699766,-0.437335,0.31416,0.469435,-0.036233,0.0164061,0.0978083
53.4,3.18372,0.408004,0.897166,-0.79126,0.829571,3.02258,-0.148501,0.691547,1.17357,-0.684894,-0.457974,0.310902,0.473836,3.08065,0.854929,0.822519,-0.596399,0.549483,0.099811,-0.697446,-0.443595,0.308283,0.470908,-0.0460069,0.0443314,-0.1605
53.6,3.0711,0.511611,0.962745,-0.788393,0.817018,2.98289,-0.803451,1.03893,-0.755135,-0.672954,-0.461567,0.310942,0.48724,2.95925,0.967121,0.842367,-0.606139,0.563056,0.045674,-0.68499,-0.446654,0.308899,0.485665,0.0245044,0.207694,-0.0871966
53.75,3.00074,0.604282,1.001,-0.769407,0.769621,2.89665,0.771499,-0.490885,-0.610176,-0.668871,-0.463813,0.313833,0.488874,2.8694,1.05036,0.841301,-0.594802,0.536337,-0.053447,-0.678559,-0.448993,0.311468,0.490868,0.113865,0.0555015,-0.0788191
54,2.87548,0.74845,1.01286,-0.726215,0.700937,2.97028,-0.555968,0.187145,-0.816434,-0.665976,-0.47908,0.319368,0.474302,2.72655,1.17701,0.828375,-0.542819,0.471281,-0.000709,-0.67132,-0.464941,0.316443,0.482725,0.155055,-0.102974,-0.0285536
54.3,2.73772,0.909445,1.05679,-0.7549,0.687244,3.00127,-0.471567,0.370564,-0.686545,-0.661935,-0.492396,0.323232,0.463583,2.55839,1.3123,0.844078,-0.565987,0.429253,0.004328,-0.666698,-0.480042,0.318486,0.472905,0.0817512,-0.11205,0.0119381
54.65,2.51436,1.0334,1.0378,-0.80922,0.725828,3.06001,-0.568429,0.405425,0.713387,-0.664952,-0.490747,0.332754,0.454182,2.34917,1.45969,0.833119,-0.641204,0.435,0.040364,-0.672677,-0.478708,0.327934,0.459134,0.0496372,0.031765,0.0908269
54.95,2.3154,1.14839,1.09585,-0.805892,0.793128,3.26397,-0.773225,0.794913,3.04974,-0.661219,-0.482963,0.340575,0.462109,2.16025,1.59721,0.872791,-0.651633,0.50321,0.239059,-0.672294,-0.469067,0.338105,0.462259,0.0238063,0.201411,0.208811
55.15,2.18567,1.23238,1.18009,-0.766299,0.849173,3.31374,0.8168,0.124341,0.732338,-0.66699,-0.48554,0.333948,0.45591,2.03352,1.7054,0.929502,-0.616186,0.585126,0.285491,-0.678858,-0.467311,0.337278,0.454989,-0.0955742,-0.152542,-0.161897
55.35,2.07337,1.36583,1.23937,-0.801602,0.855294,3.3589,-0.0480623,-0.0968562,-0.0305249,-0.660016,-0.493223,0.322511,0.465936,1.90675,1.82752,0.983793,-0.652036,0.631177,0.320746,-0.672863,-0.475902,0.324431,0.464239,-0.0543845,0.238412,-0.183539
55.5,1.99995,1.45664,1.32698,-0.78599,0.815714,3.43293,1.74492,-0.312085,-0.467048,-0.651482,-0.488915,0.328699,0.478006,1.80959,1.92153,1.03889,-0.646512,0.616546,0.38794,-0.661828,-0.472927,0.328246,0.480186,0.000767945,0.360585,-0.0864985
55.65,1.93389,1.52795,1.426,-0.727,0.776268,3.31897,0.599983,0.406982,0.495206,-0.644149,-0.486016,0.333115,0.487744,1.71687,2.01171,1.08914,-0.58603,0.584544,0.265052,-0.651156,-0.468886,0.333794,0.494695,-0.073234,0.11205,-0.177954
55.8,1.86222,1.60871,1.4812,-0.672224,0.71,3.20049,0.526194,-0.332646,-0.296916,-0.643066,-0.491582,0.325621,0.488656,1.63405,2.09462,1.12032,-0.518617,0.517521,0.142072,-0.645956,-0.474503,0.325485,0.501645,-0.0460069,-0.0010472,-0.153519
56.05,1.78054,1.73526,1.53666,-0.639372,0.558909,3.01174,0.11917,-0.670346,1.84286,-0.647413,-0.498017,0.318566,0.48099,1.51455,2.20133,1.13007,-0.445139,0.31992,-0.065713,-0.642764,-0.48422,0.312593,0.504649,0.114563,-0.122522,0.189264
56.75,1.50036,1.89485,1.49181,-0.773853,0.686171,3.25413,0.389153,1.20926,1.03837,-0.662944,-0.49919,0.330054,0.449866,1.2281,2.34858,1.08263,-0.394284,0.159383,0.113516,-0.663884,-0.485281,0.325457,0.46673,0.0684867,-0.0555015,0.0587129
57.2,1.27904,1.946,1.56038,-0.888253,0.782987,3.22274,0.0563102,-0.193875,-1.38676,-0.650437,-0.496012,0.339821,0.464139,1.02653,2.4258,1.18115,-0.457821,0.164298,0.059973,-0.656257,-0.483073,0.333586,0.474012,0.0377689,0.00663225,0.0475428
57.75,1.11754,2.0643,1.38696,-0.896538,0.902869,3.11342,-1.51946,0.890653,0.99705,-0.670185,-0.505004,0.329364,0.432831,0.790777,2.51781,1.103,-0.458155,0.244281,-0.124606,-0.68011,-0.487649,0.32967,0.436998,-0.0515919,0.0380482,-0.241484
58.2,0.873191,2.20136,1.46173,-0.997145,0.957179,3.3826,-1.29133,0.784222,-1.97122,-0.654869,-0.494796,0.347506,0.453391,0.541426,2.66264,1.13353,-0.606154,0.372624,0.124966,-0.668166,-0.479033,0.344875,0.452927,0.105488,0.0631809,0.196245
58.45,0.722883,2.27827,1.38771,-0.964793,1.03931,3.07446,0.784114,-0.465415,-2.13383,-0.655656,-0.496075,0.346016,0.451993,0.391745,2.76974,1.12298,-0.583227,0.497574,-0.194084,-0.671924,-0.475183,0.350294,0.447228,-0.0823097,-0.0722566,-0.191218
58.6,0.648317,2.37227,1.35957,-0.973562,1.04457,3.03789,-0.113159,-0.546896,1.27477,-0.64923,-0.505058,0.333537,0.460619,0.303615,2.84931,1.08993,-0.588068,0.554151,-0.250777,-0.665561,-0.48508,0.336934,0.456292,-0.0871966,-0.0164061,-0.202388
58.9,0.523231,2.58996,1.32044,-0.948665,0.914474,3.09194,0.887698,-0.181071,1.80772,-0.640419,-0.504389,0.336668,0.471286,0.123901,3.01069,1.01104,-0.579698,0.491364,-0.219716,-0.651145,-0.488622,0.33351,0.475425,0.0831475,0.181863,0.109676
59.3,0.42066,2.7203,1.5578,-0.916448,0.842713,3.45866,1.41535,-0.958948,1.35978,-0.637392,-0.50825,0.349454,0.461839,-0.0958511,3.19687,0.981189,-0.518763,0.434946,0.077893,-0.643555,-0.49273,0.345454,0.472986,0.19415,-0.0617847,0.032882
59.45,0.397571,2.76455,1.47395,-0.880273,0.826128,3.49987,0.573653,-0.750822,0.341053,-0.633762,-0.517818,0.351662,0.45447,-0.168007,3.26067,0.996836,-0.45539,0.413249,0.092337,-0.638066,-0.501389,0.3498,0.468103,0.118752,-0.0331613,-0.0327424
60.2,0.206285,3.07763,1.6186,-0.902871,0.817704,3.49774,0.503061,-0.725129,-0.76222,-0.629194,-0.529774,0.356947,0.442768,-0.455919,3.52886,0.970096,-0.331042,0.295064,0.000331,-0.630996,-0.514672,0.353602,0.46035,-0.0152891,0.0485202,-0.062762
61.15,-0.000606738,3.35473,1.55334,-0.929125,0.922721,3.70658,1.11652,0.141282,1.65457,-0.63201,-0.519352,0.353734,0.453552,-0.704803,3.77318,0.923069,-0.188681,0.243693,0.177109,-0.636782,-0.502353,0.352336,0.466915,-0.182143,0.0115192,0.0705811
61.6,0.00881553,3.47008,1.59049,-0.924617,0.920283,3.47325,0.346757,-0.452487,-0.0714146,-0.650201,-0.492918,0.339227,0.468183,-0.767416,3.86997,0.961613,-0.086458,0.191211,-0.068965,-0.654103,-0.474776,0.33741,0.482588,-0.14933,-0.152542,0.0468446
62.15,-0.0397986,3.54778,1.51867,-1.03297,0.965337,3.64137,-0.333611,0.609402,0.531931,-0.667078,-0.489332,0.32466,0.45843,-0.807863,3.96281,0.904134,-0.119498,0.182879,0.047032,-0.675142,-0.472342,0.320207,0.467486,-0.000628319,0.0680678,-0.0236667
63.3,-0.19516,3.82854,1.31321,-1.31002,1.1173,3.66318,-1.02276,0.679561,-0.351177,-0.663858,-0.498136,0.322566,0.455087,-1.03997,4.25571,0.978375,-0.430093,0.343122,0.002096,-0.680931,-0.486815,0.30954,0.451142,0.0307876,0.144164,0.0259007
63.5,-0.232923,3.84132,1.42736,-1.31335,1.14235,3.5813,-0.449218,0.155941,-1.2931,-0.657196,-0.479653,0.348102,0.465672,-1.13584,4.32895,0.97026,-0.495844,0.398038,-0.100074,-0.675605,-0.466727,0.336836,0.460723,0.0482409,0.278904,0.194849
63.9,-0.474998,3.98343,1.43178,-1.11952,1.22085,3.34131,0.587788,0.64027,-1.36189,-0.646775,-0.485318,0.340253,0.479976,-1.31091,4.52375,0.869151,-0.349543,0.5612,-0.390415,-0.664639,-0.460826,0.34396,0.47706,-0.110933,-0.0268781,-0.448829
64.25,-0.591908,4.19003,1.33431,-1.05336,1.08367,3.5279,-0.860028,0.0322933,0.797901,-0.668803,-0.500109,0.313272,0.452166,-1.41943,4.71289,0.733886,-0.265818,0.510999,-0.266522,-0.679247,-0.477835,0.31429,0.459911,-0.0257611,-0.340339,-0.0746303
64.65,-0.711754,4.3767,1.13649,-1.31591,1.13302,3.68305,-0.0161853,-0.395106,-1.72933,-0.665338,-0.490802,0.323754,0.460023,-1.59878,4.94363,0.679669,-0.598909,0.621286,-0.135158,-0.68272,-0.479274,0.308955,0.456877,0.032882,0.0575959,0.00984366
65.05,-0.946645,4.6806,1.15712,-1.34955,1.13147,3.96292,-0.703329,0.814619,2.66454,-0.663688,-0.485574,0.330821,0.462919,-1.87716,5.2053,0.635109,-0.782839,0.674192,0.079453,-0.680725,-0.4761,0.312966,0.460429,0.0126362,0.0980875,0.0663923
65.2,-1.05345,4.76652,1.23176,-1.27593,1.14119,4.07093,-0.173889,1.16363,-1.30957,-0.667043,-0.473874,0.333388,0.468347,-1.99444,5.30609,0.656286,-0.754953,0.664048,0.189284,-0.682125,-0.461755,0.319156,0.468645,-0.151425,0.14207,0.212302
65.25,-1.09331,4.79802,1.24193,-1.26909,1.16506,4.07462,0.688812,0.443078,-1.5484,-0.669479,-0.468077,0.331823,0.4718,-2.03246,5.34003,0.665595,-0.763178,0.694171,0.189096,-0.684928,-0.454216,0.319148,0.471916,-0.335732,0.0680678,0.217887
65.4,-1.19583,4.9057,1.28199,-1.21395,1.20128,4.00636,-0.114838,0.647593,-1.23628,-0.68294,-0.441734,0.32257,0.484162,-2.14562,5.44142,0.690603,-0.729603,0.703633,0.121825,-0.697997,-0.423776,0.313396,0.484765,-0.498396,0.0708604,0.29887
65.55,-1.28922,5.01699,1.32277,-1.09804,1.20255,3.92567,0.543015,-1.54368,-0.589968,-0.698797,-0.409804,0.306616,0.49973,-2.25028,5.54922,0.704661,-0.645861,0.736572,0.048923,-0.711701,-0.387361,0.300387,0.503191,-0.568209,0.230733,0.143187
65.7,-1.33055,5.13909,1.39054,-1.00135,1.17778,3.94328,1.01872,-1.06287,0.48898,-0.704922,-0.391169,0.283795,0.519165,-2.34266,5.6614,0.714078,-0.565883,0.748727,0.068687,-0.715557,-0.364192,0.280309,0.526089,-0.425092,0.0701622,0.043354
65.9,-1.40678,5.30667,1.40764,-0.948537,1.11439,4.12022,-0.0192981,-0.117457,-0.0993954,-0.717629,-0.37987,0.263476,0.520853,-2.44868,5.80988,0.744095,-0.497849,0.721438,0.244559,-0.725446,-0.351372,0.259549,0.531883,-0.111631,-0.03735,0.0363727
66.1,-1.4943,5.43468,1.48929,-0.885868,1.06778,4.15882,0.234595,-0.130533,-0.795145,-0.724197,-0.376054,0.254791,0.518848,-2.53805,5.94893,0.80233,-0.402625,0.674259,0.272924,-0.72957,-0.345841,0.252394,0.53331,-0.123499,-0.105767,-0.0159872
66.55,-1.60068,5.74922,1.53553,-0.891554,1.06151,3.95481,0.241096,-0.663893,0.369275,-0.728735,-0.378966,0.255862,0.509769,-2.69894,6.23526,0.869544,-0.319492,0.619325,0.03194,-0.733768,-0.349299,0.251953,0.525447,0.0608073,0.106465,0.0210138
66.75,-1.67154,5.83824,1.60333,-0.846086,1.07449,3.96995,0.232721,1.02269,-0.521132,-0.722923,-0.376392,0.266534,0.514463,-2.75385,6.35574,0.873197,-0.222716,0.598024,0.035484,-0.727154,-0.343845,0.266517,0.531023,0.0468446,0.204204,0.0265988
67.15,-1.80845,6.04307,1.56653,-0.785126,1.09856,3.90278,-0.0143514,0.212311,0.373387,-0.733715,-0.367057,0.238754,0.519545,-2.8057,6.59847,0.894352,-0.026249,0.59733,-0.061576,-0.737432,-0.330076,0.244653,0.536087,-0.374129,0.0429351,0.0866381
67.35,-1.82629,6.15653,1.52745,-0.773951,1.08587,3.78901,0.0616816,0.614058,-1.02766,-0.749373,-0.333105,0.21293,0.531171,-2.80245,6.71653,0.8666,0.052019,0.580667,-0.189878,-0.752992,-0.294723,0.218488,0.546263,-0.510264,0.0205949,0.187867
67.55,-1.82621,6.27751,1.50629,-0.755688,1.04737,3.72736,0.0755355,-0.265415,1.5508,-0.768691,-0.291843,0.182843,0.53899,-2.78415,6.82868,0.820014,0.133231,0.534282,-0.277697,-0.768614,-0.251368,0.187742,0.557494,-0.550756,0.00593412,0.192056
67.75,-1.81578,6.39595,1.48399,-0.77204,1.01608,3.81484,-0.20962,-0.563095,2.84645,-0.783007,-0.251095,0.156167,0.547232,-2.75295,6.93311,0.767521,0.17984,0.495786,-0.20604,-0.781534,-0.209909,0.158121,0.56581,-0.378318,-0.0261799,0.122941
68.05,-1.74606,6.52037,1.42345,-0.855089,1.05545,4.04941,-0.330766,-0.0672984,0.293922,-0.803022,-0.229565,0.131672,0.533964,-2.69491,7.07358,0.737434,0.175715,0.480909,0.032907,-0.803419,-0.191029,0.127626,0.549306,-0.062762,-0.155334,-0.0439125
68.5,-1.72102,6.75522,1.51761,-0.922781,1.10968,4.37542,-0.252426,0.695092,1.16456,-0.785308,-0.22717,0.140359,0.558556,-2.6249,7.29452,0.841965,0.154644,0.455822,0.345927,-0.787727,-0.191709,0.130312,0.570747,0.0677886,-0.284489,-0.0194779
68.8,-1.69809,6.843,1.68934,-0.897777,1.08554,4.5245,0.192908,-1.29411,-1.27742,-0.784746,-0.229463,0.148963,0.556176,-2.57704,7.42412,0.978482,0.187691,0.397568,0.480927,-0.78524,-0.193915,0.139517,0.571253,-0.0453087,0.047822,0.184377
69.1,-1.67085,6.99393,1.76179,-0.863017,1.06971,4.30181,0.363784,-0.39454,-1.85297,-0.786623,-0.214377,0.134211,0.563253,-2.51068,7.5327,1.09063,0.242063,0.328942,0.245817,-0.784743,-0.176495,0.126856,0.580462,-0.133273,-0.0122173,-0.0187797
69.45,-1.64905,7.13166,1.76093,-0.800753,1.02316,4.03094,0.51057,0.486051,-0.588869,-0.79814,-0.179535,0.102281,0.565931,-2.40727,7.6215,1.12007,0.347526,0.190892,-0.048015,-0.792728,-0.138457,0.0986682,0.585385,-0.490717,0.0191986,0.194849
69.65,-1.62012,7.20706,1.74819,-0.803459,0.994753,3.96375,0.196474,0.283005,-0.666263,-0.812824,-0.137805,0.0694043,0.561703,-2.33368,7.65256,1.1026,0.377057,0.106019,-0.135516,-0.80533,-0.0956475,0.0645622,0.581486,-0.470471,-0.181863,0.203924
69.75,-1.58791,7.23016,1.73588,-0.827764,1.01033,3.94407,-0.480091,-0.137986,0.142384,-0.818059,-0.119885,0.0592312,0.559374,-2.29651,7.66245,1.08701,0.366193,0.091773,-0.167638,-0.810939,-0.0780593,0.0513491,0.577623,-0.354581,-0.13439,0.136205
70.1,-1.49631,7.31839,1.70931,-0.87555,1.08183,4.17187,-0.047535,0.438101,1.09186,-0.815555,-0.0905547,0.0419881,0.570006,-2.17453,7.69049,1.05215,0.335498,0.058986,0.022334,-0.808829,-0.0496587,0.0297448,0.585188,-0.0460069,0.151844,0.0775624
70.8,-1.26493,7.3394,1.76526,-0.881562,1.12006,4.1969,-0.343514,0.0125036,-1.19511,-0.810612,-0.0999875,0.0547455,0.574381,-1.95122,7.66606,1.13368,0.308091,-0.101586,0.010254,-0.805616,-0.0609144,0.0387541,0.588023,0.0894307,0.0366519,0.0615054
71.2,-1.1038,7.3285,1.81564,-0.722241,1.08169,4.02937,0.136005,0.30532,0.625881,-0.811851,-0.0578164,0.0298281,0.580229,-1.79901,7.59941,1.10188,0.485515,-0.235002,-0.18552,-0.802874,-0.0105297,0.02641,0.595471,-0.587059,-0.107163,0.0901288
71.35,-1.02893,7.27936,1.83191,-0.705753,1.04914,3.98494,-1.15386,0.948584,-1.17128,-0.819193,-0.0263749,-0.0102196,0.57282,-1.72181,7.56008,1.07403,0.537767,-0.300207,-0.222378,-0.808284,0.0238044,-0.0117815,0.588194,-0.756705,-0.0659734,0.187169
71.5,-0.970492,7.19821,1.86133,-0.731053,1.02903,3.91497,0.192673,-0.0552621,-0.639353,-0.828638,0.0161719,-0.0445858,0.557771,-1.64137,7.50699,1.03432,0.53672,-0.35494,-0.291578,-0.815919,0.0677163,-0.0469807,0.572262,-0.675024,-0.240506,0.194849
71.7,-0.882705,7.10007,1.84541,-0.777277,1.13815,4.02303,-0.610223,-0.049067,0.0694621,-0.831237,0.0616305,-0.0663104,0.548498,-1.53666,7.44269,0.984372,0.516405,-0.285463,-0.186754,-0.819996,0.111169,-0.0747924,0.556465,-0.321071,-0.191637,0.155753
72,-0.787615,6.95912,1.83787,-0.768756,1.34784,4.32706,-0.519404,-0.0354164,-0.0180451,-0.828704,0.0814151,-0.0810481,0.54777,-1.37706,7.38464,0.973383,0.540627,-0.091537,0.104102,-0.824074,0.130542,-0.0919434,0.543514,0.00774926,0.047822,-0.00481711
72.15,-0.704895,6.97787,1.84496,-0.763795,1.39786,4.35024,0.043594,-0.666617,1.26823,-0.824014,0.0806345,-0.0814468,0.554856,-1.29487,7.37635,0.993911,0.548356,-0.025632,0.114113,-0.820363,0.128526,-0.0944498,0.54915,0.0363727,0.0757473,-0.0432144
72.55,-0.510333,7.06914,1.82686,-0.800691,1.4045,4.30199,-0.446585,-0.876489,0.19092,-0.805933,0.0655569,-0.0751879,0.583541,-1.07988,7.39189,0.986792,0.502145,0.044968,0.049089,-0.804335,0.110466,-0.093591,0.576267,0.0845437,0.0771436,-0.0494975
72.95,-0.382716,7.10963,1.9616,-0.838782,1.29035,4.35314,1.45996,0.189478,-2.36977,-0.806541,0.0558977,-0.0656534,0.584856,-0.896955,7.39415,1.03792,0.410801,-0.042117,0.065005,-0.800236,0.0991921,-0.0865941,0.585051,0.0405615,0.03735,-0.0334405
73.5,-0.203013,7.22389,1.90543,-0.792214,1.18482,4.41951,0.528467,0.330523,1.39149,-0.810714,0.0783865,-0.0809666,0.574494,-0.69153,7.31877,1.01298,0.366698,-0.228734,0.048959,-0.799353,0.124439,-0.0974644,0.579698,-0.325958,0.0506145,0.11596
73.75,-0.114974,7.28061,1.85873,-0.811937,1.1855,4.54932,-0.439677,-0.243935,-0.618229,-0.810336,0.118388,-0.108498,0.563532,-0.604649,7.25169,1.04616,0.320303,-0.287033,0.166347,-0.797112,0.163533,-0.127353,0.567142,-0.274994,-0.109258,0.288398
73.9,-0.0572079,7.29191,1.82813,-0.804296,1.21452,4.47516,0.643877,0.21479,-1.77075,-0.810136,0.137892,-0.116882,0.557677,-0.558353,7.20865,1.0663,0.300851,-0.283312,0.089803,-0.79697,0.184064,-0.135748,0.559045,-0.214955,-0.010821,0.0615054
74.4,-0.130812,7.16144,1.94738,-0.80844,1.20358,4.29692,-1.76671,-1.97857,0.167622,-0.792341,0.156678,-0.133903,0.57421,-0.422402,7.07515,1.04744,0.23494,-0.309907,-0.120575,-0.777715,0.202824,-0.154545,0.574576,-0.0920836,0.03735,0.109676
74.6,-0.0453504,7.14874,1.95132,-0.815729,1.13085,4.38042,0.0443871,-1.20234,-0.189628,-0.788435,0.169493,-0.142954,0.573766,-0.379355,7.00352,1.02516,0.199936,-0.408183,-0.055021,-0.771081,0.217476,-0.16106,0.576366,-0.221936,0.0513127,0.114563
74.85,-0.0147195,7.03431,2.00153,-0.820245,1.07741,4.33173,0.31525,0.688963,-0.155556,-0.797334,0.203474,-0.152738,0.547291,-0.336316,6.88286,1.01325,0.164786,-0.513571,-0.120908,-0.775964,0.2513,-0.170836,0.55276,-0.20169,-0.26145,0.206019
75.1,-0.00824183,6.88151,2.01598,-0.743523,1.11888,4.16363,-1.30799,0.163113,0.576674,-0.790356,0.239292,-0.175623,0.535941,-0.285797,6.75309,0.948389,0.234153,-0.519996,-0.302103,-0.769409,0.290486,-0.188376,0.536788,-0.312693,-0.0268781,0.148772
75.35,0.122751,6.8331,1.94351,-0.698638,1.14637,4.4277,-1.06513,0.135955,1.89336,-0.781642,0.261439,-0.199558,0.529965,-0.21753,6.6196,0.900676,0.294507,-0.545901,-0.056502,-0.761112,0.314209,-0.210892,0.526789,-0.175859,-0.0191986,-0.0090059
75.6,0.178844,6.69308,1.9149,-0.636306,1.23307,4.66465,-0.311172,-0.272746,0.466319,-0.777623,0.26779,-0.204876,0.530675,-0.134902,6.49134,0.917737,0.372366,-0.47959,0.170238,-0.761185,0.320715,-0.216556,0.520426,-0.0111003,0.0233874,0.0552222
75.65,0.203111,6.67347,1.91999,-0.62775,1.25156,4.67966,0.202179,0.659569,-1.13631,-0.777943,0.267251,-0.205133,0.530379,-0.115883,6.46776,0.926774,0.384814,-0.465219,0.185435,-0.761774,0.320007,-0.217209,0.519726,0.0238063,-0.00733038,0.0286932
75.9,0.272328,6.56713,2.00285,-0.613591,1.26705,4.59932,-0.617674,-1.1262,-0.24403,-0.765525,0.258092,-0.2089,0.551109,-0.0158871,6.36101,0.966387,0.409294,-0.421686,0.092034,-0.751153,0.310274,-0.222871,0.538356,0.059411,0.299149,-0.0802153
76.15,0.24378,6.44402,2.07761,-0.683355,1.2138,4.42516,-0.629729,-0.627007,0.278156,-0.762639,0.25082,-0.208235,0.558668,0.0795399,6.24942,0.965626,0.341916,-0.485338,-0.096653,-0.744694,0.300721,-0.225994,0.551294,0.0405615,0.0387463,0.0670905
76.4,0.21573,6.29331,2.11188,-0.735587,1.14582,4.46046,-0.63454,-0.943117,0.940543,-0.765901,0.255728,-0.194687,0.556862,0.154362,6.11457,0.93571,0.268396,-0.59647,-0.078732,-0.74445,0.303782,-0.215004,0.554332,0.0217119,-0.140674,0.0217119
76.5,0.213307,6.22613,2.10257,-0.738145,1.12291,4.50577,-1.47682,-1.57642,-0.612186,-0.76978,0.257111,-0.1927,0.551543,0.18032,6.0521,0.930374,0.255704,-0.640551,-0.036371,-0.747653,0.306069,-0.211614,0.550051,0.0133343,-0.271224,0.0936195
76.7,0.297619,6.1293,2.03696,-0.685272,1.12486,4.44934,-0.0264909,0.309724,-1.6779,-0.777751,0.261273,-0.18814,0.539855,0.233351,5.91877,0.916233,0.288792,-0.681464,-0.105229,-0.75673,0.313471,-0.202142,0.536874,-0.0131947,-0.0680678,-0.0292517
76.95,0.169134,5.98488,2.04661,-0.63,1.14079,4.35519,0.733024,0.859263,-2.02184,-0.775578,0.263197,-0.192441,0.540529,0.313678,5.74711,0.876993,0.356545,-0.695098,-0.216937,-0.755545,0.318487,-0.201971,0.535655,-0.0299498,-0.0450295,0.14947
77.15,0.24737,5.84235,2.00473,-0.568337,1.13441,4.47064,0.523443,-0.325714,0.536146,-0.777233,0.271908,-0.18977,0.534754,0.393921,5.60448,0.83949,0.458756,-0.73757,-0.115174,-0.755905,0.329765,-0.195439,0.530723,-0.0767247,-0.0129154,-0.0522901
77.3,0.156791,5.74334,1.98736,-0.544712,1.14991,4.59171,0.416507,0.807196,0.284433,-0.777701,0.265205,-0.204163,0.532133,0.467976,5.49141,0.833207,0.52998,-0.75607,0.005499,-0.758749,0.324804,-0.207812,0.524992,-0.106744,-0.0485202,-0.123499
77.4,0.238278,5.69837,1.98073,-0.551571,1.17275,4.56024,-0.0291382,0.83128,-2.01489,-0.777436,0.262185,-0.211108,0.531306,0.522472,5.41566,0.833425,0.554474,-0.750897,-0.019,-0.760141,0.320657,-0.216741,0.521908,-0.0781209,-0.00523599,-0.124198
77.55,0.373084,5.69377,1.94566,-0.565322,1.21867,4.49759,0.477488,0.625195,-1.78008,-0.776785,0.262988,-0.212912,0.531141,0.607401,5.30549,0.824872,0.576027,-0.712767,-0.083736,-0.76209,0.31827,-0.223161,0.517806,-0.0620639,-0.0115192,-0.103254
77.7,0.498644,5.64811,1.92148,-0.581923,1.26531,4.47362,-0.0962492,0.644526,-0.968601,-0.776338,0.261112,-0.21734,0.530927,0.694983,5.20287,0.809607,0.588052,-0.65311,-0.116206,-0.764544,0.313122,-0.232271,0.5133,-0.0864985,-0.031765,-0.198898
77.9,0.651799,5.58475,1.89212,-0.629815,1.32108,4.43531,-0.445414,0.40379,-0.345499,-0.773038,0.260019,-0.219749,0.535268,0.80971,5.08311,0.78086,0.556251,-0.543893,-0.170022,-0.764308,0.307167,-0.241509,0.512986,-0.0404218,0.135787,-0.131179
78.1,0.799908,5.59502,1.88322,-0.690478,1.35379,4.3905,1.41445,0.843629,0.750648,-0.764486,0.262833,-0.216603,0.547323,0.914156,4.98476,0.741604,0.477703,-0.446825,-0.235106,-0.756649,0.30488,-0.245684,0.523612,0.0663923,0.138579,0.185075
78.4,0.976395,5.68717,1.88562,-0.760622,1.27943,4.35395,-0.382721,-1.24294,-0.164779,-0.759533,0.267111,-0.209388,0.554904,1.03967,4.85564,0.656652,0.349047,-0.428082,-0.295396,-0.747244,0.307988,-0.240725,0.537421,0.00565487,-0.130202,0.0252026
78.55,0.985212,5.6015,1.86396,-0.765579,1.26061,4.45047,-0.242963,-0.0569806,0.120715,-0.765974,0.268172,-0.206982,0.546375,1.0873,4.79093,0.618824,0.298368,-0.418513,-0.209392,-0.75333,0.309257,-0.238182,0.529267,0.0203156,-0.162316,0.100601
78.9,1.14477,5.57619,1.80176,-0.754961,1.25264,4.45515,-0.129261,-1.26386,0.187595,-0.766476,0.268057,-0.211182,0.544116,1.17795,4.65415,0.563652,0.213483,-0.352658,-0.222094,-0.753122,0.309659,-0.241853,0.52766,0.0105418,0.0764454,0.0245044
79.25,1.19944,5.48704,1.67134,-0.755052,1.2451,4.32502,-0.315538,0.160369,-0.353287,-0.775455,0.274785,-0.209674,0.528394,1.23248,4.53871,0.455754,0.123074,-0.293972,-0.373137,-0.761304,0.316887,-0.239915,0.512289,-0.0536863,-0.0890118,-0.0809135
79.5,1.20813,5.44412,1.56481,-0.687171,1.30571,4.38594,0.327593,0.506791,0.654262,-0.782453,0.276734,-0.208767,0.517303,1.26259,4.47996,0.36137,0.132526,-0.169212,-0.33346,-0.771073,0.320909,-0.236227,0.496649,-0.046705,-0.26913,-0.0090059
79.95,1.32656,5.47511,1.48456,-0.638032,1.40359,4.40596,-0.609984,0.0949686,0.803716,-0.762875,0.262351,-0.226787,0.545675,1.34124,4.48088,0.237928,0.155918,0.12427,-0.361311,-0.757672,0.304984,-0.256601,0.516793,-0.036233,0.248884,-0.198898
80.3,1.48573,5.50182,1.43696,-0.746841,1.35076,4.3195,-0.655893,-0.462748,-0.254018,-0.759882,0.269049,-0.215713,0.551053,1.36225,4.5438,0.0832847,-0.030767,0.224041,-0.482089,-0.74947,0.306202,-0.253458,0.529429,0.016825,0.0869174,0.0985064
80.8,1.28726,5.50034,1.43946,-0.76953,1.18842,4.72021,1.4881,1.1664,1.89093,-0.76591,0.271377,-0.209,0.54411,1.28879,4.64444,-0.0712223,-0.242085,0.178006,-0.132619,-0.748072,0.312631,-0.242013,0.532991,0.0642979,-0.0143117,0.0370708
81.15,1.18457,5.49457,1.45964,-0.685337,1.06597,5.01731,0.653375,0.23747,2.26315,-0.761954,0.272853,-0.202748,0.551245,1.19572,4.69264,-0.0704153,-0.274618,0.075086,0.130931,-0.741831,0.317831,-0.230598,0.543595,-0.0111003,0.0010472,0.0210138
81.8,0.970838,5.44698,1.4727,-0.646905,1.09772,4.80193,0.362041,1.34111,-2.31664,-0.776231,0.274766,-0.207292,0.528203,0.977009,4.69375,-0.0536353,-0.378556,0.029249,-0.121491,-0.757043,0.322933,-0.23082,0.518963,0.0943176,0.0282743,0.340758
82.1,0.860353,5.42922,1.46402,-0.511444,1.0786,4.70565,0.198653,0.0499139,1.50944,-0.773106,0.281072,-0.202202,0.531432,0.879971,4.69925,-0.109767,-0.262978,-0.004409,-0.252114,-0.754299,0.33622,-0.215695,0.521023,0.0203156,-0.172788,0.0635998
82.4,0.807482,5.4114,1.42662,-0.344318,1.08633,4.85582,0.949228,0.484792,-1.23873,-0.776956,0.276587,-0.211775,0.524395,0.834085,4.69254,-0.158362,-0.029236,-0.035401,-0.120774,-0.761237,0.338542,-0.215076,0.509559,-0.15701,-0.115541,-0.41113
82.8,0.890047,5.42982,1.36685,-0.339108,1.29654,4.69876,0.0644526,0.235559,-0.584017,-0.784925,0.264131,-0.230395,0.510927,0.849942,4.71725,-0.25769,0.108083,0.220124,-0.321095,-0.779897,0.320391,-0.239985,0.481162,-0.0397237,-0.0205949,-0.0816116
83.2,0.811608,5.56274,1.50127,-0.51655,1.52279,5.02234,-0.713967,1.63317,2.12341,-0.769157,0.245443,-0.244988,0.536783,0.896532,4.90008,-0.337012,0.037996,0.683152,-0.066421,-0.771153,0.288469,-0.272686,0.497745,0.116658,0.262148,0.0629017
83.4,0.711867,5.59506,1.60513,-0.624787,1.51582,5.05859,0.149278,-0.578397,-3.11307,-0.761434,0.252791,-0.224844,0.552956,0.89167,5.04756,-0.338842,-0.084476,0.773548,-0.022592,-0.760371,0.291057,-0.26013,0.51909,0.123639,0.229336,0.164131
83.6,0.581401,5.62208,1.69056,-0.698182,1.42509,4.79435,0.195015,-0.474502,-0.250642,-0.763108,0.254029,-0.211483,0.555348,0.863426,5.19933,-0.373759,-0.196057,0.755093,-0.298017,-0.75586,0.291109,-0.24922,0.530867,0.121545,0.0520108,0.0601091
83.75,0.464232,5.63876,1.73847,-0.730636,1.34424,4.82331,0.150032,-0.784032,1.14158,-0.763086,0.254985,-0.199557,0.559338,0.82954,5.31353,-0.419732,-0.269242,0.755566,-0.289303,-0.753318,0.291732,-0.23793,0.539252,0.155753,0.0338594,0.222076
83.9,0.4561,5.75028,1.68051,-0.722991,1.25112,4.9648,-0.169501,-0.508709,2.32066,-0.769435,0.249889,-0.196753,0.553908,0.786847,5.42637,-0.455858,-0.3043,0.731767,-0.171295,-0.755639,0.290207,-0.230321,0.540131,0.0105418,-0.074351,-0.165387
84.05,0.445733,5.85811,1.62455,-0.720496,1.21102,5.04739,0.753896,-0.707775,-1.001,-0.7748,0.243922,-0.196308,0.549227,0.737987,5.53636,-0.475385,-0.345373,0.73087,-0.097783,-0.759199,0.285143,-0.22877,0.538492,0.0999026,-0.0764454,0.0461465
84.2,0.419245,5.97074,1.58476,-0.718298,1.16473,5.1835,-0.20069,0.040014,1.58363,-0.783597,0.242309,-0.192299,0.538779,0.684137,5.64606,-0.481425,-0.38148,0.710657,0.01799,-0.766761,0.285969,-0.221442,0.530342,0.0265988,-0.245393,-0.0369312
84.4,0.339553,6.11175,1.56307,-0.652354,1.16436,5.29715,1.19336,0.79847,1.20289,-0.783432,0.244576,-0.184033,0.540878,0.607489,5.78943,-0.464831,-0.366895,0.721857,0.12405,-0.768051,0.291428,-0.208611,0.530707,0.0517316,0.17558,0.122243
84.55,0.342404,6.22237,1.51233,-0.591929,1.14443,5.29845,0.436587,-0.239519,0.948452,-0.77961,0.239508,-0.190099,0.546541,0.556537,5.89823,-0.445174,-0.317607,0.716213,0.127123,-0.763617,0.29101,-0.208306,0.537411,-0.0460069,0.000349066,-0.128386
84.75,0.279868,6.36189,1.52593,-0.620864,1.1059,5.31849,-0.267124,-0.58891,-1.00843,-0.786506,0.229651,-0.207528,0.534416,0.491002,6.03439,-0.418195,-0.351725,0.670849,0.151842,-0.769738,0.2812,-0.225784,0.526736,-0.0746303,0.015708,-0.154915
85,0.133285,6.43128,1.64972,-0.646186,1.15301,5.35602,1.19961,0.845666,0.203308,-0.776664,0.237143,-0.20437,0.546615,0.397658,6.21107,-0.377046,-0.405733,0.73335,0.17894,-0.761664,0.284512,-0.228779,0.535332,0.0719774,0.178373,0.37357
85.15,0.0971433,6.55273,1.64187,-0.637818,1.10885,5.29503,0.288434,0.162358,-1.05439,-0.773745,0.249618,-0.190404,0.550233,0.334877,6.3188,-0.35312,-0.422166,0.69593,0.114393,-0.755024,0.298566,-0.212951,0.543553,0.0482409,-0.00523599,0.17181
85.35,0.048033,6.69548,1.60676,-0.598311,1.05627,5.21576,0.805373,-0.592703,1.01389,-0.775267,0.244468,-0.199234,0.547268,0.252928,6.4497,-0.340002,-0.410078,0.623445,0.015409,-0.75402,0.295968,-0.218632,0.544111,0.0245044,0.03735,-0.0173835
85.55,0.0128989,6.82447,1.55424,-0.58219,0.994546,5.15398,-0.742952,-0.558735,0.123512,-0.774971,0.246695,-0.194314,0.548456,0.170961,6.56731,-0.348897,-0.412188,0.541368,-0.067424,-0.751397,0.298776,-0.212853,0.548479,0.0133343,-0.130202,0.137602
85.85,-0.0322491,6.98816,1.47915,-0.555385,0.932317,5.38116,0.196839,0.31923,-0.93699,-0.789304,0.237668,-0.198488,0.530203,0.0494089,6.70721,-0.337709,-0.403776,0.411998,0.127734,-0.764985,0.292783,-0.21307,0.532614,-0.0166853,-0.232827,-0.166086
86.15,-0.0805848,7.11389,1.37087,-0.447341,1.00928,5.30318,0.229959,1.00626,0.504239,-0.794799,0.250928,-0.174146,0.524407,-0.0616601,6.83674,-0.31023,-0.296899,0.446002,0.019724,-0.775748,0.308039,-0.184475,0.518937,0.101299,0.0415388,0.18298
86.4,-0.161182,7.07038,1.45424,-0.382707,1.02637,5.24724,-0.369919,0.344736,-2.35994,-0.778935,0.225853,-0.205775,0.547638,-0.115723,6.94816,-0.311119,-0.18652,0.439952,-0.049563,-0.763446,0.285751,-0.213939,0.538263,-0.0550826,0.207694,-0.207275
86.95,-0.223495,7.30811,1.33692,-0.450722,1.03301,5.37664,-0.211372,-0.312087,0.0605128,-0.789343,0.237771,-0.185246,0.534871,-0.243687,7.1845,-0.355111,-0.216389,0.438122,0.03985,-0.771786,0.293195,-0.199333,0.527872,0.0231082,-0.0994838,0.053826
87,-0.231799,7.33056,1.33273,-0.43809,1.02457,5.40109,-0.877129,-0.528474,0.198061,-0.788883,0.238091,-0.185546,0.535302,-0.254021,7.20636,-0.352709,-0.197155,0.431122,0.059658,-0.771208,0.293997,-0.198831,0.528461,-0.062762,-0.0408407,0.0419577
87.4,-0.174474,7.46865,1.22112,-0.386104,1.05283,5.19169,1.08145,-0.466544,-1.58656,-0.787801,0.233878,-0.2028,0.532488,-0.313027,7.38165,-0.377244,-0.106283,0.458497,-0.18384,-0.772472,0.291872,-0.213444,0.522052,-0.113726,-0.03735,-0.0948761
87.7,-0.218242,7.61376,1.15519,-0.420638,1.10819,5.14816,0.672016,0.672886,-0.407607,-0.78336,0.238834,-0.208141,0.534773,-0.345036,7.52928,-0.444357,-0.113237,0.522895,-0.255099,-0.768957,0.294847,-0.222318,0.521866,-0.0487994,-0.0303687,-0.0830079
88.15,-0.434957,7.69322,1.33499,-0.575914,1.16173,5.35124,0.697727,-0.0895474,1.18987,-0.774367,0.237386,-0.218231,0.544406,-0.412607,7.79991,-0.532675,-0.263208,0.676054,-0.068986,-0.760724,0.284785,-0.245033,0.529298,0.0782606,0.042237,0.303059
88.45,-0.600668,7.76792,1.45515,-0.627707,1.07897,5.31419,0.0414692,-0.174691,-3.04405,-0.773891,0.247007,-0.207721,0.544914,-0.511647,7.99379,-0.54165,-0.385345,0.612822,-0.090054,-0.753728,0.293489,-0.236345,0.538424,-0.00272271,0.0198968,0.0154287
88.75,-0.78998,7.8561,1.53784,-0.644943,1.01912,5.26672,-0.584045,-0.506513,0.100758,-0.768546,0.244053,-0.210163,0.552817,-0.64278,8.17075,-0.585686,-0.505812,0.552585,-0.172975,-0.745029,0.290539,-0.239418,0.550634,0.0468446,0.18326,-0.00342085
88.95,-0.918379,7.88936,1.61504,-0.682113,0.958042,5.37731,0.0107847,0.144551,-0.185053,-0.762766,0.248397,-0.199864,0.562621,-0.755169,8.27223,-0.610676,-0.63713,0.454365,-0.090943,-0.736029,0.292037,-0.232867,0.564579,0.25419,-0.126711,0.504121
89,-0.955609,7.89998,1.61984,-0.668948,0.925603,5.45618,-0.500489,-0.973524,3.00578,-0.762206,0.254882,-0.189689,0.564,-0.787278,8.29421,-0.613442,-0.649539,0.415536,-0.027265,-0.733937,0.299563,-0.220437,0.568335,0.199037,-0.144862,0.606048
89.2,-0.939748,7.99818,1.51586,-0.543854,0.77803,5.58989,0.399051,-0.409256,1.59631,-0.771123,0.269127,-0.166732,0.552396,-0.917141,8.35599,-0.608659,-0.614135,0.204533,0.085727,-0.737486,0.321537,-0.18513,0.564318,0.133413,-0.111352,0.20183
89.45,-1.07417,8.01239,1.48206,-0.336638,0.607606,5.60636,0.27812,-0.576729,-1.11001,-0.766109,0.264722,-0.149835,0.56617,-1.05211,8.37187,-0.57793,-0.449684,-0.094896,0.082142,-0.727935,0.325611,-0.155271,0.583077,0.208113,0.0310669,0.220679
89.75,-1.19366,7.96483,1.52289,-0.0491096,0.391614,5.73997,1.67445,-0.232901,1.91235,-0.783334,0.231739,-0.12576,0.562911,-1.14268,8.27407,-0.556968,-0.114458,-0.567405,0.155824,-0.739832,0.304124,-0.114058,0.589193,0.384042,-0.0408407,-0.0809135
89.95,-1.30356,7.86628,1.52908,0.119459,0.321643,5.83441,0.863263,-0.206671,-0.901728,-0.796337,0.188891,-0.108381,0.564288,-1.1373,8.13249,-0.515096,0.156956,-0.839725,0.211452,-0.751863,0.26832,-0.0862001,0.596051,0.554386,0.00872665,-0.0208741
90.15,-1.40128,7.68275,1.5395,0.276706,0.259634,5.95417,1.16361,-0.255334,0.588929,-0.803312,0.145464,-0.0691189,0.57337,-1.0776,7.93713,-0.47496,0.465789,-1.13029,0.265434,-0.755935,0.230131,-0.0375771,0.611711,0.656314,0.047822,-0.229616
90.3,-1.55602,7.577,1.64687,0.405018,0.217948,6.12248,1.1348,-0.100546,-1.05507,-0.812648,0.0940943,-0.0568764,0.572288,-0.985742,7.74793,-0.42572,0.751874,-1.38067,0.383293,-0.766189,0.182392,-0.0192175,0.615888,0.522272,-0.220261,-0.393676
90.45,-1.48689,7.32055,1.61054,0.471477,0.23383,6.2064,0.286701,-0.191766,0.0854696,-0.826877,0.046598,-0.0605295,0.557171,-0.853009,7.52369,-0.362765,0.998094,-1.58286,0.427534,-0.785471,0.136236,-0.0185295,0.603433,0.196943,-0.397586,-0.586361
90.6,-1.39286,7.04452,1.67383,0.388127,0.363405,6.16161,-0.694431,0.0944164,-0.974489,-0.841359,-0.000922485,-0.0756231,0.535159,-0.694242,7.27912,-0.299341,1.08416,-1.64011,0.390302,-0.810601,0.0829651,-0.0412965,0.57822,0.230453,-0.357792,-0.62406
90.7,-1.35865,6.86028,1.74162,0.292987,0.499034,6.0827,-0.458741,1.6201,-1.13189,-0.849778,-0.0194739,-0.0720266,0.521834,-0.585524,7.11606,-0.263275,1.0822,-1.61305,0.32512,-0.824068,0.0594164,-0.0417956,0.561814,0.314229,-0.398284,-0.28407
90.85,-1.20231,6.61944,1.71329,0.158689,0.742169,5.99818,-1.35815,1.23442,0.0445884,-0.858819,-0.0316954,-0.0627941,0.507428,-0.422584,6.88193,-0.21996,1.07925,-1.49736,0.255573,-0.839364,0.0414333,-0.0364395,0.540763,0.16832,-0.24679,-0.125594
91,-1.05451,6.39502,1.73194,0.0279883,1.02918,5.93287,0.013318,2.03214,-2.21987,-0.863228,-0.0350457,-0.0581066,0.500232,-0.261445,6.6689,-0.185178,1.06262,-1.33052,0.216915,-0.848851,0.0335071,-0.0357201,0.526359,0.0566185,-0.247488,0.0175231
91.15,-0.895791,6.21436,1.69345,-0.122015,1.38095,6.06571,-1.34739,2.45727,1.46644,-0.868762,-0.0352963,-0.061775,0.490092,-0.103817,6.48813,-0.142866,1.03517,-1.05832,0.35742,-0.86021,0.0298847,-0.0423279,0.507301,-0.167482,-0.144164,-0.239389
91.3,-0.752326,6.06113,1.72305,-0.320822,1.70378,6.16795,-1.77227,2.41061,-0.90118,-0.863458,-0.0422098,-0.0756541,0.496926,0.0453459,6.35155,-0.0793693,0.939965,-0.771968,0.479082,-0.860245,0.0191,-0.0625864,0.505664,-0.142349,-0.010821,-0.212162
91.5,-0.563764,5.93673,1.73829,-0.585522,2.06204,6.0937,-1.84441,1.15182,0.0696662,-0.85184,-0.043801,-0.0841401,0.515142,0.216255,6.23557,0.0133867,0.764188,-0.40902,0.40592,-0.854187,0.011018,-0.0814354,0.513431,-0.139557,0.290772,-0.263824
91.7,-0.429317,5.93979,1.80705,-0.852042,2.23846,5.80729,-0.71333,-0.137799,-0.458324,-0.822975,-0.0347689,-0.0701772,0.562653,0.345004,6.17856,0.0680357,0.525481,-0.196628,0.105884,-0.82819,0.010414,-0.0832388,0.554133,0.0999026,0.603535,0.285606
91.9,-0.3502,5.90609,1.85584,-0.970965,2.23741,5.42522,-0.0531297,0.150847,-2.4124,-0.81605,-0.0106306,-0.0355326,0.57679,0.434868,6.14287,0.0473927,0.382943,-0.175432,-0.291731,-0.817901,0.0290913,-0.0573835,0.571751,0.151564,-0.206996,0.229057
92.25,-0.297173,5.80473,1.92066,-1.04818,2.30366,5.67968,1.30012,0.215736,0.120978,-0.822912,-0.042522,-0.00286022,0.566568,0.533336,6.09486,-0.0253173,0.184499,-0.057173,-0.091787,-0.82778,-0.00731018,-0.0317972,0.560103,0.313531,-0.10088,-0.170274
92.35,-0.288896,5.79359,1.93164,-1.06411,2.30549,5.77925,-0.668746,-0.149199,1.1798,-0.830542,-0.0529087,0.00491319,0.554416,0.549771,6.08981,-0.0295223,0.131753,-0.034594,-0.008218,-0.835939,-0.0190641,-0.0247452,0.547932,0.300266,-0.309621,-0.0906873
92.5,-0.2871,5.79731,1.94743,-1.07539,2.40055,5.88658,-0.456956,0.916852,0.136954,-0.836205,-0.0649946,0.010243,0.544455,0.564583,6.09356,-0.0237593,0.057721,0.102211,0.079491,-0.846574,-0.0317318,-0.0186295,0.530998,0.104091,-0.0994838,-0.109537
92.9,-0.32733,5.90323,1.93026,-1.11333,2.46701,5.82075,-0.120642,-0.389011,-0.539969,-0.811161,-0.0731752,0.0224,0.579794,0.545219,6.20647,-0.0211793,-0.158566,0.381485,-0.038749,-0.826075,-0.0438691,-0.0110678,0.561741,0.0517316,0.322886,-0.0243648
93.35,-0.438117,6.06767,2.03964,-1.12333,2.33964,5.77973,-0.393761,-0.476877,-1.03376,-0.812339,-0.0712388,0.0285681,0.578113,0.419291,6.39442,-0.0310313,-0.395344,0.442304,-0.110336,-0.819945,-0.0425362,-0.00590331,0.57083,0.0587129,0.0457276,0.155753
93.7,-0.611562,6.20971,2.05462,-0.987874,2.24452,5.58035,0.496352,-0.0550733,0.564226,-0.813282,-0.0718366,0.0632413,0.573944,0.267903,6.53982,-0.111195,-0.414684,0.391309,-0.327251,-0.816105,-0.0358613,0.0380246,0.575536,0.208113,-0.000349066,-0.046705
94.1,-0.809235,6.26316,1.89394,-0.80259,2.27319,5.65903,0.0300923,1.59698,1.45304,-0.829731,-0.105938,0.06409,0.544257,0.128699,6.69927,-0.262675,-0.273932,0.466005,-0.308582,-0.833791,-0.0606614,0.0538378,0.546091,0.0580147,-0.236318,0.0845437
94.6,-0.894929,6.55853,1.68152,-0.945037,2.50914,6.05093,-0.468847,-0.242004,1.39312,-0.810125,-0.13188,0.0427603,0.569628,-0.0103741,7.04414,-0.300594,-0.398327,0.842359,0.030465,-0.824862,-0.0933719,0.0232947,0.557084,0.158546,0.251676,-0.135368
94.85,-1.0047,6.75723,1.72191,-1.0272,2.39529,5.91648,-0.791731,-0.937721,0.961762,-0.795492,-0.151535,0.0623965,0.583384,-0.129309,7.24158,-0.306489,-0.557589,0.759521,-0.094136,-0.806078,-0.119905,0.0340186,0.578536,0.311437,0.230733,-0.0599695
95.05,-1.15838,6.87245,1.74216,-1.0048,2.2815,5.7863,0.45985,-0.0621996,-0.307671,-0.794102,-0.15718,0.115095,0.575717,-0.251095,7.38803,-0.338439,-0.624229,0.692786,-0.231356,-0.7993,-0.126344,0.0867652,0.581058,0.543216,-0.109956,0.341456
95.2,-1.28363,6.93723,1.72901,-0.904585,2.25477,5.73283,0.941602,-0.293282,-1.43558,-0.798219,-0.178167,0.139392,0.558277,-0.341496,7.48965,-0.377903,-0.568781,0.664229,-0.289861,-0.801673,-0.143307,0.118836,0.568034,0.428723,-0.170693,-0.0913854
95.4,-1.44577,6.98723,1.66415,-0.845718,2.25498,5.7027,0.103545,0.758635,-0.210576,-0.788467,-0.237678,0.132315,0.551654,-0.449508,7.62177,-0.440167,-0.535806,0.646712,-0.339665,-0.794754,-0.200906,0.116356,0.560771,0.374268,-0.100182,-0.521435
95.6,-1.60364,7.03319,1.58727,-0.922049,2.19159,5.84359,-0.1356,-1.14478,0.0858072,-0.775449,-0.288641,0.14397,0.542806,-0.566245,7.74763,-0.499121,-0.64321,0.581007,-0.21856,-0.781851,-0.257201,0.122989,0.554464,0.488762,0.0499164,-0.240786
95.8,-1.77525,7.07096,1.53658,-0.97744,2.20589,6.01993,0.502385,-0.522784,1.03966,-0.766262,-0.306082,0.187248,0.533005,-0.707575,7.85976,-0.529094,-0.756286,0.560639,-0.054568,-0.774209,-0.279748,0.162625,0.543962,0.318418,-0.0185005,0.0901288
96.05,-1.99462,7.14302,1.57901,-0.892971,2.21339,6.13324,0.893785,0.322834,0.366725,-0.76291,-0.315144,0.214543,0.522134,-0.89804,7.99693,-0.524156,-0.736911,0.533791,0.055113,-0.769934,-0.285045,0.197278,0.535754,0.172508,0.0429351,0.107582
96.25,-2.16235,7.21186,1.57881,-0.836414,2.24372,5.85833,0.455848,-0.179964,-0.112133,-0.757126,-0.328029,0.205455,0.526256,-1.04257,8.10564,-0.537155,-0.704491,0.550912,-0.214879,-0.7647,-0.294328,0.19377,0.539498,-0.0746303,0.0324631,-0.178652
96.65,-2.48219,7.35825,1.63764,-0.818607,2.11104,5.99554,-0.747926,-0.811227,1.00092,-0.733727,-0.343229,0.226176,0.541002,-1.33208,8.29509,-0.623628,-0.716922,0.343686,-0.088841,-0.735792,-0.312692,0.208976,0.563173,0.35891,0.199317,0.0684867
96.9,-2.65992,7.3753,1.64113,-0.709806,2.04678,6.15461,-0.424446,-0.429408,-0.888638,-0.727622,-0.370531,0.261692,0.514578,-1.49864,8.35944,-0.626208,-0.604381,0.183767,0.057858,-0.725462,-0.338989,0.248659,0.544941,0.492253,-0.18675,0.103393
97.05,-2.64944,7.46099,1.63197,-0.649755,2.08379,6.21261,0.535249,-0.415365,0.166826,-0.727893,-0.394693,0.283368,0.48383,-1.58158,8.38283,-0.615737,-0.51806,0.156544,0.103693,-0.72693,-0.361517,0.276443,0.514255,0.559273,-0.206298,0.0719774
97.25,-2.67343,7.56029,1.6221,-0.615515,2.22064,6.17873,-0.392038,-0.27806,0.999428,-0.707686,-0.435926,0.296932,0.470086,-1.67488,8.42149,-0.597497,-0.424787,0.238649,0.053354,-0.711953,-0.400287,0.297105,0.494593,0.292587,-0.0715585,-0.302919
97.5,-2.78524,7.57009,1.58716,-0.635033,2.26543,6.17608,0.0163429,-0.169354,-1.57541,-0.681516,-0.471593,0.307012,0.467846,-1.77278,8.4865,-0.594557,-0.367857,0.253078,0.036977,-0.687579,-0.438507,0.305574,0.491498,0.354023,-0.015708,-0.0711396
97.75,-2.89669,7.5559,1.57119,-0.676889,2.27429,6.34042,-0.277478,1.16513,0.363623,-0.658893,-0.502576,0.331583,0.450921,-1.86317,8.54817,-0.564485,-0.346785,0.23007,0.183626,-0.666273,-0.472721,0.327974,0.474393,0.475498,0.0471239,-0.23171
97.95,-2.94384,7.61953,1.53774,-0.707952,2.25593,6.23154,0.23144,-0.140623,0.246202,-0.623301,-0.544745,0.34109,0.445428,-1.93145,8.5922,-0.536374,-0.340768,0.190789,0.066477,-0.63047,-0.5186,0.334704,0.470675,0.372872,-0.220261,-0.488622
98.15,-2.98915,7.6676,1.50536,-0.74665,2.1575,6.13265,0.612689,0.122036,0.120772,-0.595016,-0.574948,0.356115,0.434249,-2.00036,8.61783,-0.534015,-0.350202,0.044584,-0.036538,-0.598887,-0.55621,0.3414,0.464124,0.430119,0.155334,-0.147236
98.35,-3.05527,7.69463,1.50402,-0.754848,2.09766,6.0711,0.296354,0.586704,-0.258781,-0.577607,-0.584423,0.399866,0.406112,-2.06926,8.61076,-0.551551,-0.330661,-0.107602,-0.111441,-0.577667,-0.570956,0.381256,0.441535,0.629086,0.250978,0.120847
98.55,-3.09982,7.645,1.50908,-0.736913,2.16898,6.20241,-0.938528,0.0749321,1.41124,-0.552063,-0.60272,0.434506,0.378364,-2.12943,8.58412,-0.563581,-0.267609,-0.139762,-0.000358,-0.55338,-0.588363,0.421475,0.41226,0.527857,-0.0115192,-0.0718378
98.75,-3.12665,7.59802,1.51186,-0.702069,2.27293,6.35268,0.332739,0.252483,-0.798464,-0.524672,-0.629882,0.44613,0.359077,-2.17431,8.55821,-0.547806,-0.183153,-0.106721,0.139037,-0.52872,-0.612894,0.440024,0.388836,0.290493,-0.132994,-0.089291
99.2,-3.15571,7.54204,1.64425,-0.658013,2.34298,6.68264,0.623486,-0.543972,-1.27397,-0.488414,-0.653254,0.442317,0.372917,-2.22362,8.52391,-0.414023,-0.010802,-0.090733,0.430256,-0.49354,-0.634204,0.439747,0.401031,-0.109537,-0.00593412,-0.362959
99.25,-3.17033,7.54579,1.66016,-0.645596,2.33147,6.67629,0.525289,0.305875,0.343968,-0.485574,-0.655662,0.438257,0.377169,-2.22347,8.5189,-0.392672,0.017494,-0.111525,0.414939,-0.489088,-0.63666,0.435123,0.407584,-0.11582,0.0555015,-0.239389
99.75,-3.09503,7.45927,1.83796,-0.577002,2.10932,6.41727,0.507181,-0.691376,-0.705412,-0.501897,-0.654694,0.427568,0.369676,-2.13725,8.3736,-0.265301,0.302531,-0.506319,0.108694,-0.492526,-0.641165,0.413753,0.41849,-0.00342085,-0.0792379,0.16832
100.05,-2.95312,7.30276,1.86322,-0.645016,2.13149,6.30673,0.305248,0.336022,1.14409,-0.530699,-0.637855,0.44482,0.337095,-2.03331,8.18843,-0.251907,0.376939,-0.678873,-0.029944,-0.523998,-0.62563,0.432358,0.383509,0.114563,-0.305433,0.416156
100.2,-2.86129,7.24281,1.82944,-0.743806,2.2246,6.2225,-1.40888,0.244931,0.0117229,-0.538066,-0.645183,0.433196,0.326444,-1.97877,8.08812,-0.263405,0.338938,-0.655466,-0.117753,-0.538161,-0.631185,0.423286,0.364442,-0.0090059,-0.334056,-0.00970403
100.35,-2.79386,7.17824,1.77686,-0.880127,2.29551,6.26343,-0.115934,-0.549351,0.0455249,-0.528071,-0.647786,0.430388,0.340999,-1.93543,7.99155,-0.280044,0.234328,-0.640549,-0.083969,-0.534233,-0.635334,0.417373,0.369791,-0.101159,0.357094,-0.239389
100.5,-2.72542,7.10978,1.81698,-0.92429,2.31916,6.34117,0.61865,-0.111765,0.54261,-0.5159,-0.641889,0.440098,0.357965,-1.90281,7.89235,-0.28878,0.207216,-0.676303,-0.014564,-0.521779,-0.62939,0.426937,0.386445,0.0245044,0.267734,0.00216421
100.75,-2.72751,6.93387,1.85591,-0.922117,2.38234,6.40797,-0.283238,-0.109103,-0.469393,-0.508554,-0.640984,0.445233,0.363702,-1.84711,7.72133,-0.278103,0.239806,-0.68043,0.04318,-0.516368,-0.62589,0.435837,0.389451,-0.000628319,0.0485202,-0.0320442
101,-2.65872,6.76458,1.88231,-0.909865,2.39728,6.37816,0.487438,0.363812,1.66503,-0.503535,-0.644719,0.444569,0.364895,-1.7827,7.5483,-0.279575,0.280485,-0.705991,-0.010287,-0.511406,-0.628404,0.436707,0.390972,0.0342783,-0.00383972,0.0349764
101.15,-2.61541,6.6585,1.89747,-0.907057,2.39653,6.50282,0.436567,0.405471,2.15296,-0.503306,-0.644411,0.447835,0.361746,-1.73944,7.44131,-0.273348,0.301828,-0.7214,0.098635,-0.510813,-0.627997,0.44025,0.388419,0.0894307,0.00663225,0.162036
101.4,-2.56679,6.46575,1.92724,-0.89317,2.44252,6.53119,0.297316,-0.634256,-0.118359,-0.50699,-0.649085,0.443834,0.353074,-1.65513,7.2628,-0.235594,0.359417,-0.704659,0.117065,-0.515482,-0.629612,0.440833,0.378858,0.0217119,-0.221657,0.0384671
101.6,-2.45592,6.36369,1.88796,-0.96856,2.46938,6.46392,-0.741031,0.257022,0.968812,-0.508793,-0.652797,0.437165,0.351956,-1.58663,7.1235,-0.222997,0.315814,-0.683084,0.035006,-0.522252,-0.634107,0.433269,0.370727,-0.0655546,0.128805,-0.0543845
101.8,-2.37142,6.24002,1.9055,-0.977341,2.46323,6.4006,-0.209376,-0.782056,0.429157,-0.501725,-0.645159,0.444237,0.367009,-1.525,6.98587,-0.223313,0.316555,-0.691848,-0.039491,-0.515275,-0.628019,0.437578,0.385499,-0.0585732,0.0645772,0.0775624
102.1,-2.27103,6.04318,1.96912,-0.935062,2.45649,6.58771,-1.10575,0.218239,0.555652,-0.500853,-0.641849,0.44356,0.37474,-1.42452,6.77939,-0.211448,0.379023,-0.698106,0.127559,-0.513197,-0.622985,0.438367,0.395415,0.00984366,0.0527089,-0.106744
102.4,-2.13716,5.84085,2.03345,-0.909415,2.4259,6.46163,-0.245953,-0.314656,0.391918,-0.505387,-0.64245,0.444353,0.366596,-1.30063,6.56211,-0.190525,0.445655,-0.752971,-0.013998,-0.514963,-0.624127,0.438289,0.391383,0.0573166,-0.0122173,0.0719774
102.65,-2.0102,5.65936,2.01169,-0.927824,2.4482,6.38213,-0.560694,0.163892,-0.116833,-0.503891,-0.644559,0.44622,0.362664,-1.18383,6.37348,-0.208038,0.474535,-0.746651,-0.116146,-0.51539,-0.625327,0.441707,0.385012,0.0286932,-0.0240855,0.00356047
102.75,-1.94496,5.59872,2.00363,-0.926774,2.45647,6.3504,-0.303996,-0.0961909,-1.10003,-0.503571,-0.645914,0.445567,0.3615,-1.13533,6.29963,-0.221913,0.492523,-0.734054,-0.158073,-0.515515,-0.626347,0.441652,0.383246,0.0440521,-0.0799361,-0.0090059
102.95,-1.8611,5.46011,1.93297,-0.94788,2.4682,6.44297,0.0670607,0.154306,0.101659,-0.506584,-0.651709,0.440239,0.353325,-1.03609,6.15647,-0.251847,0.505197,-0.704828,-0.094167,-0.519092,-0.631436,0.437509,0.374723,0.0985064,-0.0883137,-0.04112
103.15,-1.7601,5.34123,1.87056,-1.03962,2.47455,6.61878,-0.921071,-0.230181,0.261019,-0.501591,-0.649732,0.446312,0.356454,-0.941282,6.01783,-0.256144,0.438078,-0.685869,0.061254,-0.518197,-0.632726,0.439441,0.371513,0.0440521,0.0178024,-0.014591
103.4,-1.65332,5.17692,1.92919,-1.03499,2.48172,6.80599,-0.57653,-0.12849,1.79931,-0.495158,-0.650174,0.451338,0.358309,-0.831511,5.84975,-0.216932,0.437797,-0.663169,0.221003,-0.512314,-0.631769,0.446448,0.372943,0.0587129,0.1309,6.98132e-05
103.65,-1.53429,5.03663,2.00441,-1.0089,2.49803,6.68129,0.398787,0.34124,0.745302,-0.493145,-0.648822,0.457408,0.355832,-0.718838,5.69035,-0.179439,0.459562,-0.614218,0.072302,-0.509062,-0.629451,0.45385,0.37238,0.0608073,0.0296706,0.115262
103.7,-1.52089,5.00144,2.01013,-1.00494,2.50867,6.65081,-0.127002,0.150969,-1.11826,-0.492956,-0.648461,0.458238,0.355683,-0.695808,5.66014,-0.176678,0.464734,-0.597305,0.040141,-0.509094,-0.628403,0.455667,0.371888,0.0231082,0.0897099,0.0761662
104.05,-1.35939,4.80068,2.03307,-0.951803,2.56606,6.4978,0.55923,-0.971549,-0.236126,-0.489683,-0.652437,0.454484,0.357745,-0.522235,5.46974,-0.199774,0.536932,-0.483001,-0.150401,-0.5062,-0.628309,0.457165,0.374151,-0.0878948,-0.113446,-0.219144
104.5,-1.07199,4.62923,2.01615,-0.958361,2.49595,6.78479,-0.296795,-0.762376,-0.489712,-0.494341,-0.657902,0.438424,0.361355,-0.264832,5.25539,-0.208356,0.585992,-0.496307,0.106391,-0.507192,-0.638779,0.433594,0.383032,-0.0739321,-0.010821,-0.0271573
104.95,-0.79873,4.4057,2.00764,-0.995491,2.45968,6.58642,-0.165245,0.226406,-0.603113,-0.498112,-0.650816,0.442696,0.363789,-0.00289415,5.01863,-0.214838,0.577256,-0.547863,-0.1274,-0.510777,-0.633537,0.434599,0.385824,-0.04112,0.111352,-0.0851023
105.25,-0.610578,4.25086,1.94748,-1.02379,2.45059,6.67464,-0.377391,0.486043,2.75493,-0.504327,-0.650036,0.445185,0.353436,0.17374,4.84629,-0.260627,0.574535,-0.583706,-0.074499,-0.517507,-0.632431,0.43758,0.375156,0.0147306,-0.0010472,0.0615054
105.5,-0.449439,4.13718,1.9104,-1.07097,2.47889,6.84822,-0.706921,0.253673,-0.304234,-0.504742,-0.648485,0.446761,0.353705,0.314332,4.70313,-0.258872,0.533417,-0.557459,0.08841,-0.521591,-0.631758,0.437758,0.370395,6.98132e-05,0.0310669,-0.0641583
105.8,-0.29404,3.9884,1.86569,-1.11869,2.50579,6.72171,0.0811939,-0.503051,1.641,-0.503249,-0.650991,0.444037,0.354659,0.465984,4.54422,-0.253474,0.464872,-0.511096,-0.072231,-0.522208,-0.634613,0.434392,0.368603,-0.0313461,0.058294,0.000767945
105.95,-0.207006,3.93457,1.87244,-1.13975,2.50524,6.75213,-0.173186,-0.816569,-0.592192,-0.501568,-0.649175,0.447643,0.355833,0.532828,4.46725,-0.264763,0.426133,-0.506505,-0.053324,-0.520506,-0.633144,0.437278,0.370121,0.0189194,0.031765,0.0440521
106.1,-0.134687,3.87126,1.88401,-1.1386,2.51908,6.87737,0.0974135,0.16108,-1.90394,-0.499638,-0.647822,0.450914,0.356882,0.594712,4.39281,-0.264901,0.404598,-0.485314,0.058088,-0.519545,-0.631027,0.441548,0.370017,0.0601091,0.0862193,-0.030648
106.4,-0.00952802,3.74618,1.92691,-1.13841,2.55136,6.93503,-0.0435724,0.0749022,1.29115,-0.497354,-0.647214,0.453484,0.357919,0.709404,4.25516,-0.232523,0.371732,-0.434426,0.075317,-0.517548,-0.629773,0.444957,0.370868,0.0552222,0.0568977,-0.0152891
106.7,0.113606,3.63691,1.93852,-1.11698,2.57443,6.77029,0.63092,-0.341656,0.357391,-0.494097,-0.646796,0.455779,0.360263,0.819685,4.13245,-0.236693,0.368741,-0.392996,-0.109027,-0.514182,-0.628657,0.448144,0.373598,0.0182212,0.00872665,0.0908269
106.9,0.205005,3.57074,1.93589,-1.09318,2.59718,6.6523,0.654288,0.589413,1.08661,-0.493973,-0.646282,0.458403,0.358019,0.895531,4.05691,-0.272474,0.383928,-0.359691,-0.242173,-0.513985,-0.626901,0.45239,0.371697,0.006353,-0.0750492,-0.062762
107.1,0.29538,3.51194,1.8873,-1.08381,2.61596,6.57426,-0.623595,0.538128,2.68001,-0.491881,-0.650305,0.453597,0.359731,0.972987,3.98957,-0.331234,0.3936,-0.316279,-0.342503,-0.51192,-0.629733,0.449171,0.373658,-0.0313461,0.0150098,-0.132575
107.3,0.360224,3.4557,1.80182,-1.06793,2.5865,6.64899,-1.08543,-0.0300563,-0.306892,-0.48955,-0.653377,0.449685,0.362247,1.0526,3.92691,-0.397635,0.407936,-0.316036,-0.281148,-0.507619,-0.633861,0.443507,0.379267,0.0175231,0.0701622,0.032882
107.5,0.455846,3.39826,1.7766,-1.05728,2.55703,6.76003,-0.300909,-0.810043,0.339135,-0.494501,-0.651051,0.453712,0.354609,1.13509,3.86163,-0.442503,0.423537,-0.332854,-0.191488,-0.510514,-0.631939,0.446887,0.374593,0.0363727,-0.0115192,0.101299
107.65,0.518547,3.35258,1.73882,-1.06324,2.56743,6.71857,-0.399849,0.196408,0.749862,-0.49253,-0.65437,0.449113,0.357088,1.19814,3.81288,-0.475553,0.424543,-0.319682,-0.247723,-0.50944,-0.634405,0.443482,0.375932,-0.0823097,-0.0925025,-0.182143
107.75,0.561467,3.32669,1.70627,-1.07135,2.54309,6.68073,-0.689425,-1.02934,-1.40091,-0.489514,-0.657403,0.444864,0.360961,1.24042,3.78024,-0.502365,0.421645,-0.338209,-0.28965,-0.50556,-0.638597,0.437341,0.381228,-0.0334405,-0.0394444,-0.159802
107.95,0.652981,3.26904,1.63739,-1.09396,2.49352,6.70973,-0.184022,0.436202,0.162278,-0.48886,-0.657903,0.447321,0.357887,1.32503,3.70711,-0.56511,0.410389,-0.400217,-0.285314,-0.502303,-0.641979,0.435629,0.381815,0.0419577,0.0205949,-0.0481013
108.1,0.722107,3.20902,1.60463,-1.09256,2.46611,6.82868,-0.320965,-0.624838,0.252136,-0.487947,-0.661714,0.451669,0.346463,1.3881,3.6427,-0.601545,0.422506,-0.448562,-0.18307,-0.50014,-0.646996,0.438743,0.372506,0.143187,-0.084823,0.0265988
108.25,0.806722,3.16695,1.60786,-1.13552,2.46542,6.96662,0.538971,0.0863625,1.12912,-0.484917,-0.664099,0.458708,0.336771,1.44869,3.57257,-0.620268,0.380112,-0.480211,-0.06441,-0.499005,-0.650872,0.444562,0.360171,0.165527,-0.0904081,0.0363727
108.35,0.850607,3.12413,1.60808,-1.13597,2.49116,7.04547,-0.321899,0.293503,0.636589,-0.482255,-0.668622,0.458397,0.332035,1.48653,3.52444,-0.623594,0.376559,-0.474483,0.005052,-0.49774,-0.654342,0.446449,0.353236,0.100601,0.00802851,0.0140324
108.5,0.92564,3.07998,1.62263,-1.19843,2.50734,7.19171,-0.736903,-0.036417,0.561508,-0.475321,-0.670741,0.462495,0.332077,1.53697,3.45268,-0.613782,0.290425,-0.476033,0.133699,-0.495107,-0.657909,0.448971,0.347057,0.0447502,-0.0680678,-0.0655546
108.65,0.968517,3.01188,1.65471,-1.19153,2.52992,7.3157,-0.350839,1.032,-0.990994,-0.472721,-0.67389,0.462463,0.329447,1.57709,3.38128,-0.585537,0.256534,-0.469806,0.244196,-0.492541,-0.660041,0.450692,0.344421,0.0608073,-0.0164061,-0.0173835
108.85,1.01763,2.91641,1.69599,-1.22242,2.56051,7.32654,0.385746,1.09406,0.129586,-0.478555,-0.676814,0.459897,0.318439,1.62317,3.28984,-0.533118,0.185557,-0.444672,0.230242,-0.499296,-0.662491,0.448999,0.331978,0.0789587,-0.165806,0.300266
109.05,1.09796,2.88094,1.73359,-1.32603,2.60279,7.27568,-0.931264,-0.127128,0.371853,-0.484741,-0.669309,0.468428,0.312453,1.64576,3.20524,-0.494948,0.036298,-0.388263,0.156577,-0.511394,-0.655811,0.455597,0.317519,0.0552222,0.0436332,0.338664
109.25,1.15163,2.86797,1.77584,-1.38375,2.68069,7.21024,-0.421667,0.736814,-1.68998,-0.478737,-0.67089,0.463499,0.325402,1.63965,3.14009,-0.471482,-0.085988,-0.26705,0.072054,-0.51124,-0.653905,0.454961,0.322574,-0.0934798,-0.042237,-0.238691
109.55,1.11349,2.80174,1.8397,-1.43269,2.65116,7.37353,-1.28013,-0.686034,0.719049,-0.472444,-0.673391,0.456767,0.338682,1.58332,3.07073,-0.427477,-0.271673,-0.212708,0.20717,-0.504171,-0.659815,0.443761,0.336946,0.0133343,0.0652753,0.0587129
109.8,1.05728,2.74973,1.91098,-1.43561,2.66181,7.28039,0.166878,0.214493,-0.225168,-0.479137,-0.664235,0.469894,0.32927,1.50075,3.0209,-0.386931,-0.38803,-0.163288,0.099385,-0.511734,-0.648751,0.458636,0.32696,0.0496372,0.165108,0.226264
110,0.987304,2.70045,1.9299,-1.4248,2.76126,7.0206,-0.195934,0.178888,-2.09443,-0.484363,-0.651452,0.488399,0.320106,1.41632,2.99953,-0.396812,-0.450815,-0.018358,-0.18084,-0.520268,-0.628593,0.485387,0.313993,0.0831475,0.183958,0.139696
110.15,0.913655,2.69865,1.94851,-1.39104,2.88092,7.11844,0.650062,0.803985,-0.325017,-0.476023,-0.64163,0.503213,0.329378,1.34535,3.01038,-0.421709,-0.486022,0.180219,-0.117685,-0.514923,-0.612321,0.507342,0.32019,0.0272969,0.405964,0.00495674
110.25,0.866641,2.71633,1.96812,-1.29756,2.97844,7.23222,0.756083,1.12613,2.86762,-0.469305,-0.640294,0.506822,0.336018,1.29896,3.03664,-0.429872,-0.430365,0.351661,-0.034962,-0.508182,-0.606063,0.516742,0.327744,0.006353,0.241903,-0.133971
110.4,0.786062,2.75825,1.97021,-1.12865,3.06961,7.37321,1.47276,1.19327,0.774841,-0.451882,-0.64965,0.496468,0.35676,1.24161,3.10699,-0.425935,-0.297212,0.577633,0.076967,-0.489181,-0.610103,0.513596,0.353122,-0.103952,0.116239,-0.503283
110.5,0.724575,2.78427,1.95863,-1.02058,3.05724,7.44597,2.08281,0.267288,1.42875,-0.445612,-0.659406,0.484509,0.363132,1.21749,3.16955,-0.416152,-0.196947,0.656423,0.138303,-0.479286,-0.619485,0.50276,0.365726,-0.0166853,-0.207694,-0.238691
110.6,0.777072,2.80586,2.00187,-0.960656,3.01301,7.50543,0.2151,-0.817572,-0.492847,-0.450412,-0.66987,0.472459,0.353816,1.20164,3.23745,-0.400975,-0.12977,0.696426,0.194778,-0.480868,-0.631803,0.48956,0.360447,0.0398633,-0.369661,-0.0383274
110.7,0.833204,2.82913,2.04758,-0.940253,2.95436,7.63028,-0.223748,-0.596599,2.34309,-0.456698,-0.675745,0.466855,0.341821,1.19082,3.30836,-0.375762,-0.098525,0.714647,0.306145,-0.484307,-0.639684,0.48202,0.352006,0.106884,-0.198618,0.0112399
110.85,0.810992,2.94415,2.08482,-0.937833,2.89518,7.69107,0.0308883,-0.0062328,-0.843098,-0.454033,-0.685404,0.455425,0.341559,1.17996,3.42119,-0.3282,-0.067771,0.752341,0.348401,-0.480368,-0.652087,0.46783,0.353786,-0.0634602,-0.0164061,-0.305014
110.95,0.875627,2.94902,2.13286,-0.926507,2.82946,7.61448,-0.571078,-0.155679,-2.64689,-0.454056,-0.686369,0.454979,0.340184,1.17484,3.49536,-0.29687,-0.037477,0.728705,0.271882,-0.477428,-0.656009,0.463212,0.35658,0.032882,-0.0275762,-0.000628319
111.1,0.952878,2.98857,2.20721,-0.923737,2.77035,7.56369,0.208288,0.752201,0.864341,-0.458301,-0.67942,0.465533,0.334106,1.17197,3.6044,-0.262771,-0.007487,0.722609,0.200677,-0.479037,-0.651819,0.469641,0.353684,0.0740718,0.223751,0.143187
111.25,1.00684,3.05866,2.27847,-0.920999,2.74287,7.57487,0.370294,0.0374736,2.50413,-0.459503,-0.675693,0.470239,0.333423,1.17361,3.7146,-0.235266,0.024356,0.744154,0.196297,-0.479151,-0.648534,0.473564,0.354338,-0.0746303,-0.0575959,-0.067649
111.4,1.10507,3.0444,2.33922,-0.914987,2.68454,7.68341,0.291718,-0.0101435,-0.119084,-0.460237,-0.678216,0.465708,0.333648,1.1788,3.82466,-0.197817,0.055588,0.715575,0.306201,-0.476802,-0.653253,0.465596,0.359361,-0.000628319,-0.0185005,-0.0683471
111.55,1.07348,3.15663,2.37188,-0.911355,2.65471,7.80313,-0.358254,-0.506204,1.37894,-0.466086,-0.676527,0.466867,0.327276,1.19283,3.9316,-0.142785,0.097163,0.698982,0.417582,-0.480594,-0.652992,0.464752,0.355861,0.00216421,0.00802851,0.0161268
111.75,1.05266,3.30465,2.4482,-0.927487,2.6119,7.93983,1.05892,1.36853,0.258385,-0.467141,-0.676352,0.464916,0.328909,1.21477,4.06697,-0.0460333,0.121321,0.64485,0.554377,-0.479825,-0.655013,0.459382,0.36013,0.0314857,0.0185005,0.135507
112,0.905329,3.44732,2.4248,-0.966974,2.54429,7.85133,0.00461698,-0.883636,-0.686348,-0.461061,-0.687459,0.445693,0.340852,1.24904,4.22413,0.0833337,0.140042,0.569851,0.453216,-0.474785,-0.668456,0.435777,0.371273,-0.0844041,-0.143466,-0.187728
112.25,1.04734,3.43897,2.49214,-1.02566,2.3936,7.77149,-0.290005,-0.949639,1.19915,-0.468138,-0.679491,0.457902,0.330854,1.28205,4.33952,0.185149,0.121404,0.362975,0.349861,-0.478265,-0.667085,0.438495,0.366038,0.0670905,0.110654,0.150168
112.45,1.0598,3.51897,2.51997,-1.06599,2.38233,7.63515,-0.566383,0.292744,-0.964288,-0.473688,-0.677349,0.462946,0.320154,1.30479,4.40193,0.239161,0.104437,0.270544,0.203065,-0.486264,-0.666797,0.441352,0.352332,0.0782606,-0.122522,0.154357
112.95,1.01639,3.56962,2.42121,-1.33145,2.42077,7.55357,-0.714021,-0.546285,-0.731217,-0.471039,-0.678202,0.466142,0.317609,1.28795,4.50083,0.303492,-0.225493,0.135708,0.076379,-0.496149,-0.672862,0.436638,0.332325,-0.0229685,0.249582,0.00286234
113.25,0.938399,3.56605,2.46764,-1.26894,2.47191,7.51093,0.328237,0.950274,-0.594017,-0.456222,-0.663087,0.489199,0.33595,1.20385,4.5331,0.315245,-0.27705,0.095438,0.01371,-0.480947,-0.654712,0.464847,0.352078,0.0733736,0.197222,-0.0690452
113.55,0.874739,3.58506,2.52026,-1.15769,2.53597,7.63567,-0.0830014,0.847467,-0.0662772,-0.459104,-0.670302,0.481096,0.329341,1.12845,4.56358,0.339074,-0.224998,0.099014,0.123301,-0.481255,-0.657098,0.463151,0.349437,0.0426558,-0.156731,-0.00551524
114.25,0.709288,3.63446,2.54015,-1.10192,2.66963,7.47979,-0.517895,-0.107037,2.57257,-0.469389,-0.670909,0.474869,0.322575,0.971479,4.63342,0.312762,-0.224542,0.14945,-0.088521,-0.492249,-0.651042,0.465377,0.342431,-0.0327424,0.021293,-0.0508938
114.4,0.687942,3.66868,2.55437,-1.09607,2.68614,7.61233,0.427996,0.268038,1.50763,-0.466428,-0.67349,0.468641,0.330502,0.93691,4.65814,0.308021,-0.23293,0.174456,0.035928,-0.489954,-0.65237,0.46056,0.349633,-0.0816116,0.0994838,-0.189124
114.8,0.588559,3.7235,2.56574,-1.04121,2.64926,7.63003,-0.0770075,-0.665668,0.783744,-0.46585,-0.672919,0.464087,0.338803,0.851698,4.72474,0.344276,-0.189351,0.137116,0.039519,-0.484936,-0.652856,0.45355,0.364567,-0.0090059,0.109258,-0.0320442
115.7,0.43556,3.79458,2.52748,-0.976755,2.64408,7.58771,0.294728,-0.66926,1.31702,-0.475282,-0.66107,0.473403,0.33613,0.718393,4.78516,0.252056,-0.069182,0.003195,-0.061626,-0.489151,-0.640675,0.46241,0.369383,-0.0194779,-0.116239,-0.0334405
116.55,0.492295,3.77399,2.49849,-0.924058,2.50213,7.86006,-0.371342,-0.34363,-0.812153,-0.477512,-0.671179,0.457289,0.335244,0.769058,4.74194,0.245123,0.200214,-0.271049,0.173738,-0.485093,-0.653427,0.44082,0.378677,0.115262,-0.179071,0.173905
116.8,0.583181,3.78142,2.56407,-0.996911,2.54485,7.96437,0.385892,-0.634388,1.14658,-0.489177,-0.665125,0.452482,0.337008,0.821261,4.66684,0.310333,0.204121,-0.316501,0.259652,-0.500775,-0.646174,0.437985,0.37397,-0.288259,0.0198968,0.142489
117,0.659073,3.76418,2.60283,-1.03356,2.55859,7.84447,-0.114962,-0.138494,-0.955177,-0.515394,-0.645099,0.437664,0.355903,0.862984,4.60053,0.348031,0.206914,-0.358022,0.129797,-0.527521,-0.625159,0.421599,0.391348,-0.38111,-0.0136136,0.164829
117.25,0.753889,3.73388,2.65372,-1.07807,2.5612,7.7317,-0.589905,-0.429457,-0.741394,-0.539026,-0.623657,0.427932,0.370645,0.913573,4.50199,0.363131,0.196646,-0.425186,-0.006322,-0.552548,-0.602893,0.409662,0.404212,-0.196105,-0.109258,0.116658
117.55,0.863251,3.72409,2.74663,-1.11767,2.62846,7.62975,0.756951,0.522469,-2.39239,-0.559829,-0.604862,0.410995,0.389636,0.96989,4.37156,0.340654,0.18417,-0.440198,-0.129306,-0.57532,-0.580927,0.394624,0.419288,-0.363657,0.010821,0.0531278
117.75,0.94031,3.67834,2.79407,-1.1465,2.65523,7.5899,0.643218,0.812226,-0.0487105,-0.58343,-0.582233,0.390471,0.410057,1.00502,4.28232,0.307715,0.165359,-0.451219,-0.192696,-0.601205,-0.555881,0.374165,0.435373,-0.446036,0.00453786,0.162036
117.95,1.01993,3.62326,2.84199,-1.17088,2.66379,7.51892,0.558541,0.0516055,0.15663,-0.614452,-0.548721,0.369549,0.42987,1.0357,4.19003,0.260709,0.136669,-0.47091,-0.278891,-0.633393,-0.520878,0.351067,0.451942,-0.52702,-0.136485,0.263964
118.15,1.09603,3.55237,2.87515,-1.18612,2.68333,7.61927,0.0545285,0.838302,-0.187446,-0.64587,-0.510505,0.347506,0.448861,1.06001,4.09545,0.211922,0.104746,-0.471474,-0.190388,-0.665267,-0.480114,0.327719,0.468519,-0.524925,-0.0136136,0.166225
118.35,1.15794,3.486,2.90873,-1.16779,2.725,7.78633,0.905217,0.48917,2.26918,-0.676394,-0.468924,0.326539,0.46473,1.07964,4.00333,0.189723,0.10117,-0.435143,-0.040005,-0.695857,-0.43422,0.308128,0.481968,-0.53819,-0.0275762,0.348438
118.5,1.19317,3.43542,2.91811,-1.16734,2.7839,7.86943,0.323047,0.389756,0.213506,-0.699038,-0.435809,0.308479,0.475666,1.09455,3.94279,0.189709,0.094747,-0.365635,0.040223,-0.720044,-0.397503,0.290658,0.488923,-0.561926,-0.0945968,0.318418
118.6,1.19342,3.40279,2.9334,-1.16458,2.82436,7.9012,0.134987,0.780755,0.0101846,-0.712218,-0.415562,0.296621,0.481735,1.1038,3.90846,0.195625,0.090977,-0.317618,0.068638,-0.734288,-0.374361,0.278945,0.492812,-0.492811,-0.0610865,0.285606
118.8,1.21082,3.3541,2.95667,-1.13869,2.90824,7.82023,-0.00775003,0.303779,0.619101,-0.733383,-0.37728,0.270769,0.49648,1.12314,3.85536,0.200225,0.104305,-0.201265,-0.026231,-0.756246,-0.331144,0.255319,0.503237,-0.487226,-0.00593412,0.314229
119,1.24635,3.36142,2.97261,-1.10456,2.93757,7.77544,-0.0110873,0.477396,-0.97319,-0.741291,-0.354096,0.239322,0.517522,1.14634,3.82582,0.187593,0.12414,-0.110528,-0.086436,-0.764529,-0.303074,0.226057,0.522054,-0.301523,0.154636,0.00356047
119.65,1.42503,3.33229,2.97585,-0.998699,2.94228,7.52974,0.309998,0.366488,-2.83466,-0.753479,-0.324099,0.217878,0.528921,1.25023,3.81248,0.0398977,0.223347,0.091053,-0.377374,-0.773954,-0.267921,0.208022,0.534734,-0.191218,0.131598,-0.0104022
120,1.58574,3.37694,2.97692,-0.972554,2.87136,7.66122,0.198384,0.691727,3.31736,-0.761195,-0.299801,0.190996,0.542423,1.34371,3.85239,-0.0923643,0.29787,0.108308,-0.294016,-0.776847,-0.243807,0.178143,0.552569,-0.150727,0.0485202,-0.0397237
120.35,1.69893,3.37311,2.92649,-1.04787,2.86535,7.98669,-0.139953,-0.615366,2.00577,-0.775501,-0.29968,0.183547,0.524499,1.44484,3.8945,-0.150394,0.260904,0.161505,-0.002803,-0.790248,-0.246679,0.165749,0.535896,0.0852419,-0.12322,0.0622035
120.9,1.57229,3.48052,2.89616,-1.06937,2.87544,8.05741,0.445395,-0.180616,-1.13064,-0.760373,-0.304898,0.199017,0.537831,1.55598,4.0143,-0.108121,0.175517,0.23727,0.042631,-0.775113,-0.255513,0.176212,0.550329,-0.0823097,-0.0359538,0.0461465
121.2,1.65917,3.50741,2.92681,-1.01233,2.85676,7.90775,0.230206,-0.391892,-0.990502,-0.777094,-0.270768,0.175687,0.540318,1.61429,4.08874,-0.124518,0.212333,0.247185,-0.138513,-0.787985,-0.218921,0.155112,0.55416,-0.419507,-0.00663225,0.225566
121.45,1.75703,3.49719,2.94167,-1.00102,2.85323,7.81711,-1.0706,-0.683353,0.869188,-0.792163,-0.231964,0.146524,0.545162,1.66925,4.15284,-0.177172,0.217992,0.258968,-0.270827,-0.799984,-0.177312,0.126052,0.559192,-0.305712,-0.184656,0.0775624
121.55,1.79796,3.49079,2.92599,-1.00237,2.85974,7.7844,-0.0467098,0.319555,-0.689444,-0.795004,-0.225428,0.136389,0.546396,1.69053,4.17852,-0.206334,0.20973,0.258625,-0.310791,-0.803606,-0.170501,0.1146,0.558581,-0.258239,-0.118333,-0.0460069
121.85,1.92002,3.47148,2.84315,-1.05651,2.88447,7.68223,-0.896119,0.268706,0.463303,-0.801059,-0.214411,0.124257,0.544878,1.74107,4.25984,-0.320199,0.12339,0.28549,-0.447363,-0.810727,-0.163532,0.0948454,0.554061,-0.0250629,-0.0694641,0.0454484
122.1,1.95214,3.50243,2.70844,-1.09236,2.91798,7.72489,0.444174,0.244813,-1.19927,-0.802761,-0.214258,0.124751,0.542316,1.75962,4.33851,-0.436832,0.030153,0.341017,-0.428174,-0.813489,-0.164668,0.09306,0.549963,0.0510334,0.0331613,0.0684867
122.6,1.82845,3.69786,2.75906,-0.934455,2.9305,8.14764,0.699503,-0.279019,0.821656,-0.791995,-0.20823,0.140915,0.556352,1.76635,4.54523,-0.552051,0.090806,0.430241,-0.056437,-0.800678,-0.151454,0.118428,0.567408,-0.0655546,-0.00523599,-0.252654
123.4,1.9154,4.0074,2.80221,-0.891189,2.87431,8.05043,0.730916,0.501676,-0.347084,-0.797067,-0.224987,0.136116,0.543633,1.83005,4.86033,-0.595527,0.106244,0.392726,-0.198487,-0.804719,-0.166367,0.115878,0.557963,-0.0090059,-0.105069,-0.108141
123.65,1.82472,4.06211,2.77081,-0.940792,2.90905,8.27458,-0.0576643,0.322408,2.28635,-0.79835,-0.230184,0.132626,0.540428,1.85296,4.96523,-0.621458,0.061734,0.445638,-0.006166,-0.808809,-0.174665,0.108021,0.551046,0.0300895,-0.0938987,-0.00342085
124.15,1.78447,4.25993,2.60314,-1.06381,3.03999,8.12756,-0.25299,0.732315,1.16168,-0.80515,-0.237122,0.130899,0.527611,1.84342,5.22446,-0.661101,-0.129934,0.6472,-0.201819,-0.822281,-0.185551,0.100799,0.528455,0.0217119,-0.102974,-0.0913854
124.55,1.6432,4.54139,2.59676,-1.09917,3.03135,8.29686,0.293995,0.398802,0.831063,-0.785043,-0.233283,0.141593,0.556092,1.75062,5.51923,-0.722057,-0.302362,0.751765,-0.070395,-0.801445,-0.18598,0.105559,0.558529,-0.0069115,-0.0589921,0.00914553
